"id","pipeline","kind","variant","control","phase","block","iteration","fixture","count","mode","callerState","targetState","primaryCpuMs","callerCpuMs","targetCpuSumMs","clientTotalMs","callerWallMs","doWallMs","collectorPosts","collectorBytes","collectorMetrics","collectorDataPoints","collectorLogRecords","collectorSpans","verified_response","verified_context","verified_rpcCount","verified_layerHeaders","verified_collectorDelivery","verified_collectorCardinality","verified_alarmState","verified_alarmCleanup","issues"
"main-wrangler-rpc-base-rpc-1-none-b-2-i0","wrangler","rpc","rpc-base","false","first","-2","0",,"1",,"observed-first","observed-first","29","29","5","405.230541","37",,,,,,,,"true","true","true",,,,,,""
"main-wrangler-rpc-base-rpc-25-none-b-2-i0","wrangler","rpc","rpc-base","false","first","-2","0",,"25",,"observed-reused","observed-reused","27","27","29","277.187042","96",,,,,,,,"true","true","true",,,,,,""
"main-wrangler-rpc-cached-rpc-1-none-b-2-i0","wrangler","rpc","rpc-cached","false","first","-2","0",,"1",,"observed-first","observed-first","20","20","4","344.199458","25",,,,,,,,"true","true","true",,,,,,""
"main-wrangler-rpc-cached-rpc-25-none-b-2-i0","wrangler","rpc","rpc-cached","false","first","-2","0",,"25",,"observed-reused","observed-reused","26","26","24","281.577208","93",,,,,,,,"true","true","true",,,,,,""
"main-wrangler-http-fresh-http-small-none-b-2-i0","wrangler","http","http-fresh","false","first","-2","0","small",,,"observed-first","unknown","29","29",,"314.802333","33",,,,,,,,"true","true",,"true",,,,,""
"main-wrangler-http-fresh-http-large-none-b-2-i0","wrangler","http","http-fresh","false","first","-2","0","large",,,"observed-reused","unknown","141","141",,,"171",,,,,,,,"false","false",,"false",,,,,"response-count|invalid-or-missing-response|response-context|layer-header-verification"
"main-wrangler-http-cached-http-small-none-b-2-i0","wrangler","http","http-cached","false","first","-2","0","small",,,"observed-first","unknown","21","21",,"299.631625","25",,,,,,,,"true","true",,"true",,,,,""
"main-wrangler-http-cached-http-large-none-b-2-i0","wrangler","http","http-cached","false","first","-2","0","large",,,"observed-reused","unknown","91","91",,"1441.404125","116",,,,,,,,"true","true",,"true",,,,,""
"main-wrangler-telemetry-all-0-telemetry-small-none-b-2-i0","wrangler","telemetry","telemetry-all-0","false","first","-2","0","small",,,"observed-first","unknown","43","43",,"348.586958","99",,"4","6538","0","0","1","3","true","true",,,"true","true",,,""
"main-wrangler-telemetry-logs-traces-0-telemetry-small-none-b-2-i0","wrangler","telemetry","telemetry-logs-traces-0","false","first","-2","0","small",,,"observed-first","unknown","50","50",,"320.102875","62",,"2","5448","0","0","1","3","true","true",,,"true","true",,,""
"main-wrangler-telemetry-all-100-telemetry-small-none-b-2-i0","wrangler","telemetry","telemetry-all-100","false","first","-2","0","small",,,"observed-first","unknown","77","77",,"379.834916","97",,"4","49942","200","200","1","3","true","true",,,"true","true",,,""
"main-wrangler-telemetry-logs-traces-100-telemetry-small-none-b-2-i0","wrangler","telemetry","telemetry-logs-traces-100","false","first","-2","0","small",,,"observed-first","unknown","55","55",,"319.676625","70",,"2","5466","0","0","1","3","true","true",,,"true","true",,,""
"main-wrangler-alarms-alarm-1-independent-b-2-i0","wrangler","alarms","alarms","false","first","-2","0",,"1","independent","observed-first","observed-first","18","12",,"779.858958","527","52",,,,,,,"true","true",,,,,"true","true",""
"main-wrangler-alarms-alarm-1-transaction-b-2-i0","wrangler","alarms","alarms","false","first","-2","0",,"1","transaction","observed-reused","observed-first","17","2",,"672.8045","498","55",,,,,,,"true","true",,,,,"true","true",""
"main-wrangler-alarms-alarm-10-independent-b-2-i0","wrangler","alarms","alarms","false","first","-2","0",,"10","independent","observed-reused","observed-first","36","2",,"595.374167","418","74",,,,,,,"true","true",,,,,"true","true",""
"main-wrangler-alarms-alarm-10-transaction-b-2-i0","wrangler","alarms","alarms","false","first","-2","0",,"10","transaction","observed-reused","observed-first","17","2",,"620.78","447","66",,,,,,,"true","true",,,,,"true","true",""
"main-wrangler-alarms-alarm-100-independent-b-2-i0","wrangler","alarms","alarms","false","first","-2","0",,"100","independent","observed-reused","observed-first","103","2",,"707.926417","536","163",,,,,,,"true","true",,,,,"true","true",""
"main-wrangler-alarms-alarm-100-transaction-b-2-i0","wrangler","alarms","alarms","false","first","-2","0",,"100","transaction","observed-reused","observed-first","41","1",,"569.975583","396","77",,,,,,,"true","true",,,,,"true","true",""
"main-vite-rpc-base-rpc-1-none-b-2-i0","vite","rpc","rpc-base","false","first","-2","0",,"1",,"observed-first","observed-first","14","14","2","256.252875","20",,,,,,,,"true","true","true",,,,,,""
"main-vite-rpc-base-rpc-25-none-b-2-i0","vite","rpc","rpc-base","false","first","-2","0",,"25",,"observed-reused","observed-reused","14","14","7","245.723708","45",,,,,,,,"true","true","true",,,,,,""
"main-vite-rpc-base-aa-rpc-1-none-b-2-i0","vite","rpc","rpc-base-aa","true","first","-2","0",,"1",,"observed-first","observed-first","22","22","4","305.462792","31",,,,,,,,"true","true","true",,,,,,""
"main-vite-rpc-base-aa-rpc-25-none-b-2-i0","vite","rpc","rpc-base-aa","true","first","-2","0",,"25",,"observed-reused","observed-reused","27","27","26","276.331167","98",,,,,,,,"true","true","true",,,,,,""
"main-vite-rpc-cached-rpc-1-none-b-2-i0","vite","rpc","rpc-cached","false","first","-2","0",,"1",,"observed-first","observed-first","27","27","4","316.464584","37",,,,,,,,"true","true","true",,,,,,""
"main-vite-rpc-cached-rpc-25-none-b-2-i0","vite","rpc","rpc-cached","false","first","-2","0",,"25",,"observed-reused","observed-reused","18","18","11","236.237333","59",,,,,,,,"true","true","true",,,,,,""
"main-vite-http-fresh-http-small-none-b-2-i0","vite","http","http-fresh","false","first","-2","0","small",,,"observed-first","unknown","16","16",,"254.909292","16",,,,,,,,"true","true",,"true",,,,,""
"main-vite-http-fresh-http-large-none-b-2-i0","vite","http","http-fresh","false","first","-2","0","large",,,"observed-reused","unknown","69","69",,"457.169125","101",,,,,,,,"true","true",,"true",,,,,""
"main-vite-http-fresh-aa-http-small-none-b-2-i0","vite","http","http-fresh-aa","true","first","-2","0","small",,,"observed-first","unknown","34","34",,"319.500166","35",,,,,,,,"true","true",,"true",,,,,""
"main-vite-http-fresh-aa-http-large-none-b-2-i0","vite","http","http-fresh-aa","true","first","-2","0","large",,,"observed-reused","unknown","113","113",,"327.851583","139",,,,,,,,"true","true",,"true",,,,,""
"main-vite-http-cached-http-small-none-b-2-i0","vite","http","http-cached","false","first","-2","0","small",,,"observed-first","unknown","19","19",,"264.217416","21",,,,,,,,"true","true",,"true",,,,,""
"main-vite-http-cached-http-large-none-b-2-i0","vite","http","http-cached","false","first","-2","0","large",,,"observed-reused","unknown","73","73",,"374.286666","96",,,,,,,,"true","true",,"true",,,,,""
"main-vite-telemetry-all-0-telemetry-small-none-b-2-i0","vite","telemetry","telemetry-all-0","false","first","-2","0","small",,,"observed-first","unknown","106","106",,"525.245375","125",,"4","6502","0","0","1","3","true","true",,,"true","true",,,""
"main-vite-telemetry-logs-traces-0-telemetry-small-none-b-2-i0","vite","telemetry","telemetry-logs-traces-0","false","first","-2","0","small",,,"observed-first","unknown","37","37",,"285.000666","49",,"2","5420","0","0","1","3","true","true",,,"true","true",,,""
"main-vite-telemetry-all-100-telemetry-small-none-b-2-i0","vite","telemetry","telemetry-all-100","false","first","-2","0","small",,,"observed-first","unknown","60","60",,"346.094459","77",,"4","49906","200","200","1","3","true","true",,,"true","true",,,""
"main-vite-telemetry-logs-traces-100-telemetry-small-none-b-2-i0","vite","telemetry","telemetry-logs-traces-100","false","first","-2","0","small",,,"observed-first","unknown","44","44",,"293.149958","50",,"2","5438","0","0","1","3","true","true",,,"true","true",,,""
"main-vite-alarms-alarm-1-independent-b-2-i0","vite","alarms","alarms","false","first","-2","0",,"1","independent","observed-first","observed-first","14","19",,"776.122","508","64",,,,,,,"true","true",,,,,"true","true",""
"main-vite-alarms-alarm-1-transaction-b-2-i0","vite","alarms","alarms","false","first","-2","0",,"1","transaction","observed-reused","observed-first","13","3",,"695.411416","518","63",,,,,,,"true","true",,,,,"true","true",""
"main-vite-alarms-alarm-10-independent-b-2-i0","vite","alarms","alarms","false","first","-2","0",,"10","independent","observed-reused","observed-first","26",,,"721.913958",,"87",,,,,,,"true","true",,,,,"true","true","invocation-evidence"
"main-vite-alarms-alarm-10-transaction-b-2-i0","vite","alarms","alarms","false","first","-2","0",,"10","transaction","observed-reused","observed-first","23",,,"581.187833",,"66",,,,,,,"true","true",,,,,"true","true","invocation-evidence"
"main-vite-alarms-alarm-100-independent-b-2-i0","vite","alarms","alarms","false","first","-2","0",,"100","independent","unknown","observed-first","97",,,"847.303208",,"141",,,,,,,"true","false",,,,,"true","true","missing-marker|response-context"
"main-vite-alarms-alarm-100-transaction-b-2-i0","vite","alarms","alarms","false","first","-2","0",,"100","transaction","observed-reused","observed-first","40","1",,"640.065","465","85",,,,,,,"true","true",,,,,"true","true",""
"main-alchemy-rpc-base-rpc-1-none-b-2-i0","alchemy","rpc","rpc-base","false","first","-2","0",,"1",,"observed-first","observed-first","14","14","2","289.929209","18",,,,,,,,"true","true","true",,,,,,""
"main-alchemy-rpc-base-rpc-25-none-b-2-i0","alchemy","rpc","rpc-base","false","first","-2","0",,"25",,"observed-reused","observed-reused","12","12","6","213.167333","40",,,,,,,,"true","true","true",,,,,,""
"main-alchemy-rpc-cached-rpc-1-none-b-2-i0","alchemy","rpc","rpc-cached","false","first","-2","0",,"1",,"observed-first","observed-first","12","12","2","259.86825","15",,,,,,,,"true","true","true",,,,,,""
"main-alchemy-rpc-cached-rpc-25-none-b-2-i0","alchemy","rpc","rpc-cached","false","first","-2","0",,"25",,"observed-reused","observed-reused","9","9","3","207.013083","33",,,,,,,,"true","true","true",,,,,,""
"main-alchemy-http-fresh-http-small-none-b-2-i0","alchemy","http","http-fresh","false","first","-2","0","small",,,"observed-first","unknown","19","19",,"283.951666","19",,,,,,,,"true","true",,"true",,,,,""
"main-alchemy-http-fresh-http-large-none-b-2-i0","alchemy","http","http-fresh","false","first","-2","0","large",,,"observed-reused","unknown","57","57",,"292.162417","98",,,,,,,,"true","true",,"true",,,,,""
"main-alchemy-http-cached-http-small-none-b-2-i0","alchemy","http","http-cached","false","first","-2","0","small",,,"observed-first","unknown","16","16",,"264.510666","17",,,,,,,,"true","true",,"true",,,,,""
"main-alchemy-http-cached-http-large-none-b-2-i0","alchemy","http","http-cached","false","first","-2","0","large",,,"observed-reused","unknown","53","53",,"268.166875","71",,,,,,,,"true","true",,"true",,,,,""
"main-alchemy-telemetry-all-0-telemetry-small-none-b-2-i0","alchemy","telemetry","telemetry-all-0","false","first","-2","0","small",,,"observed-first","unknown","43","43",,"317.305542","58",,"4","6529","0","0","1","3","true","true",,,"true","true",,,""
"main-alchemy-telemetry-logs-traces-0-telemetry-small-none-b-2-i0","alchemy","telemetry","telemetry-logs-traces-0","false","first","-2","0","small",,,"observed-first","unknown","42","42",,"318.56","54",,"2","5441","0","0","1","3","true","true",,,"true","true",,,""
"main-alchemy-telemetry-all-100-telemetry-small-none-b-2-i0","alchemy","telemetry","telemetry-all-100","false","first","-2","0","small",,,"observed-first","unknown","43","43",,"300.018541","53",,"4","49933","200","200","1","3","true","true",,,"true","true",,,""
"main-alchemy-telemetry-logs-traces-100-telemetry-small-none-b-2-i0","alchemy","telemetry","telemetry-logs-traces-100","false","first","-2","0","small",,,"observed-first","unknown","58","58",,"348.293291","68",,"2","5459","0","0","1","3","true","true",,,"true","true",,,""
"main-alchemy-alarms-alarm-1-independent-b-2-i0","alchemy","alarms","alarms","false","first","-2","0",,"1","independent","observed-first","observed-first","16","26",,"922.984","538","58",,,,,,,"true","true",,,,,"true","true","invocation-evidence|edge-stage-coverage"
"main-alchemy-alarms-alarm-1-transaction-b-2-i0","alchemy","alarms","alarms","false","first","-2","0",,"1","transaction","observed-reused","observed-first","22","3",,"652.194916","475","58",,,,,,,"true","true",,,,,"true","true","missing-marker|edge-stage-coverage"
"main-alchemy-alarms-alarm-10-independent-b-2-i0","alchemy","alarms","alarms","false","first","-2","0",,"10","independent","observed-reused","observed-first","40","6",,"669.914875","494","94",,,,,,,"true","true",,,,,"true","true","invocation-evidence|edge-stage-coverage"
"main-alchemy-alarms-alarm-10-transaction-b-2-i0","alchemy","alarms","alarms","false","first","-2","0",,"10","transaction","observed-reused","observed-first","18","3",,"555.042625","380","51",,,,,,,"true","true",,,,,"true","true",""
"main-alchemy-alarms-alarm-100-independent-b-2-i0","alchemy","alarms","alarms","false","first","-2","0",,"100","independent","observed-reused","observed-first","111","3",,"736.439125","564","163",,,,,,,"true","true",,,,,"true","true",""
"main-alchemy-alarms-alarm-100-transaction-b-2-i0","alchemy","alarms","alarms","false","first","-2","0",,"100","transaction","observed-reused","observed-first","39","2",,"740.828792","567","90",,,,,,,"true","true",,,,,"true","true",""
"main-wrangler-http-cached-http-small-none-b-1-i0","wrangler","http","http-cached","false","warmup","-1","0","small",,,"observed-reused","unknown","2","2",,"221.523541","3",,,,,,,,"true","true",,"true",,,,,""
"main-wrangler-http-fresh-http-large-none-b-1-i0","wrangler","http","http-fresh","false","warmup","-1","0","large",,,"observed-first","unknown","98","98",,"637.362916","120",,,,,,,,"true","true",,"true",,,,,""
"main-wrangler-http-fresh-http-small-none-b-1-i0","wrangler","http","http-fresh","false","warmup","-1","0","small",,,"observed-reused","unknown","5","5",,"510.081209","5",,,,,,,,"true","true",,"true",,,,,""
"main-wrangler-rpc-cached-rpc-25-none-b-1-i0","wrangler","rpc","rpc-cached","false","warmup","-1","0",,"25",,"observed-first","mixed-first-and-reused","18","18","5","279.592542","42",,,,,,,,"true","true","true",,,,,,""
"main-wrangler-rpc-cached-rpc-1-none-b-1-i0","wrangler","rpc","rpc-cached","false","warmup","-1","0",,"1",,"observed-reused","observed-reused","2","2","0","242.444084","3",,,,,,,,"true","true","true",,,,,,""
"main-wrangler-rpc-base-rpc-25-none-b-1-i0","wrangler","rpc","rpc-base","false","warmup","-1","0",,"25",,"observed-first","mixed-first-and-reused","26","26","9","307.689667","60",,,,,,,,"true","true","true",,,,,,""
"main-wrangler-rpc-base-rpc-1-none-b-1-i0","wrangler","rpc","rpc-base","false","warmup","-1","0",,"1",,"observed-reused","observed-reused","2","2","0","215.130542","3",,,,,,,,"true","true","true",,,,,,""
"main-alchemy-alarms-alarm-100-transaction-b-1-i0","alchemy","alarms","alarms","false","warmup","-1","0",,"100","transaction","observed-reused","observed-first","44","1",,"701.501166","526","99",,,,,,,"true","true",,,,,"true","true",""
"main-alchemy-alarms-alarm-100-independent-b-1-i0","alchemy","alarms","alarms","false","warmup","-1","0",,"100","independent","observed-reused","observed-first","104","3",,"766.708917","592","157",,,,,,,"true","true",,,,,"true","true",""
"main-alchemy-alarms-alarm-10-transaction-b-1-i0","alchemy","alarms","alarms","false","warmup","-1","0",,"10","transaction","observed-reused","observed-first","17","2",,"585.102333","409","57",,,,,,,"true","true",,,,,"true","true",""
"main-alchemy-alarms-alarm-10-independent-b-1-i0","alchemy","alarms","alarms","false","warmup","-1","0",,"10","independent","observed-reused","observed-first","28","2",,"665.677667","489","77",,,,,,,"true","true",,,,,"true","true",""
"main-alchemy-alarms-alarm-1-transaction-b-1-i0","alchemy","alarms","alarms","false","warmup","-1","0",,"1","transaction","observed-reused","observed-first","14","3",,"636.877041","460","60",,,,,,,"true","true",,,,,"true","true",""
"main-alchemy-alarms-alarm-1-independent-b-1-i0","alchemy","alarms","alarms","false","warmup","-1","0",,"1","independent","observed-reused","observed-first","21","3",,"613.217709","435","73",,,,,,,"true","true",,,,,"true","true",""
"main-alchemy-telemetry-logs-traces-100-telemetry-small-none-b-1-i0","alchemy","telemetry","telemetry-logs-traces-100","false","warmup","-1","0","small",,,"observed-reused","unknown","12","12",,"192.290584","19",,"2","5461","0","0","1","3","true","true",,,"true","true",,,""
"main-alchemy-telemetry-all-100-telemetry-small-none-b-1-i0","alchemy","telemetry","telemetry-all-100","false","warmup","-1","0","small",,,"observed-reused","unknown","24","24",,"210.660875","39",,"4","49935","200","200","1","3","true","true",,,"true","true",,,""
"main-alchemy-telemetry-logs-traces-0-telemetry-small-none-b-1-i0","alchemy","telemetry","telemetry-logs-traces-0","false","warmup","-1","0","small",,,"observed-reused","unknown","12","12",,"188.594708","19",,"2","5443","0","0","1","3","true","true",,,"true","true",,,""
"main-alchemy-telemetry-all-0-telemetry-small-none-b-1-i0","alchemy","telemetry","telemetry-all-0","false","warmup","-1","0","small",,,"observed-reused","unknown","20","20",,"233.296083","33",,"4","6531","0","0","1","3","true","true",,,"true","true",,,""
"main-alchemy-http-cached-http-large-none-b-1-i0","alchemy","http","http-cached","false","warmup","-1","0","large",,,"observed-reused","unknown","45","45",,"1118.718834","69",,,,,,,,"true","true",,"true",,,,,""
"main-alchemy-http-cached-http-small-none-b-1-i0","alchemy","http","http-cached","false","warmup","-1","0","small",,,"observed-reused","unknown","2","2",,"184.152792","4",,,,,,,,"true","true",,"true",,,,,""
"main-alchemy-http-fresh-http-large-none-b-1-i0","alchemy","http","http-fresh","false","warmup","-1","0","large",,,"observed-reused","unknown","42","42",,"414.7465","62",,,,,,,,"true","true",,"true",,,,,""
"main-alchemy-http-fresh-http-small-none-b-1-i0","alchemy","http","http-fresh","false","warmup","-1","0","small",,,"observed-reused","unknown","2","2",,"177.929666","3",,,,,,,,"true","true",,"true",,,,,""
"main-alchemy-rpc-cached-rpc-25-none-b-1-i0","alchemy","rpc","rpc-cached","false","warmup","-1","0",,"25",,"observed-reused","observed-reused","7","7","1","200.47025","24",,,,,,,,"true","true","true",,,,,,""
"main-alchemy-rpc-cached-rpc-1-none-b-1-i0","alchemy","rpc","rpc-cached","false","warmup","-1","0",,"1",,"observed-reused","observed-reused","2","2","0","180.34425","5",,,,,,,,"true","true","true",,,,,,""
"main-alchemy-rpc-base-rpc-25-none-b-1-i0","alchemy","rpc","rpc-base","false","warmup","-1","0",,"25",,"unknown","observed-reused",,,,"218.932459",,,,,,,,,"true","false","false",,,,,,"missing-marker|target-count|response-context|rpc-count-verification"
"main-alchemy-rpc-base-rpc-1-none-b-1-i0","alchemy","rpc","rpc-base","false","warmup","-1","0",,"1",,"observed-reused","observed-reused","2","2","0","182.594334","3",,,,,,,,"true","true","true",,,,,,""
"main-vite-alarms-alarm-100-transaction-b-1-i0","vite","alarms","alarms","false","warmup","-1","0",,"100","transaction","observed-reused","observed-first","41","1",,"613.376584","441","83",,,,,,,"true","true",,,,,"true","true",""
"main-vite-alarms-alarm-100-independent-b-1-i0","vite","alarms","alarms","false","warmup","-1","0",,"100","independent","observed-reused","observed-first","85","2",,"626.491666","448","142",,,,,,,"true","true",,,,,"true","true",""
"main-vite-alarms-alarm-10-transaction-b-1-i0","vite","alarms","alarms","false","warmup","-1","0",,"10","transaction","observed-reused","observed-first","18","2",,"653.3155","478","70",,,,,,,"true","true",,,,,"true","true",""
"main-vite-alarms-alarm-10-independent-b-1-i0","vite","alarms","alarms","false","warmup","-1","0",,"10","independent","observed-reused","observed-first","24","3",,"612.834084","437","66",,,,,,,"true","true",,,,,"true","true",""
"main-vite-alarms-alarm-1-transaction-b-1-i0","vite","alarms","alarms","false","warmup","-1","0",,"1","transaction","observed-reused","observed-first","31","2",,"682.292583","509","84",,,,,,,"true","true",,,,,"true","true",""
"main-vite-alarms-alarm-1-independent-b-1-i0","vite","alarms","alarms","false","warmup","-1","0",,"1","independent","observed-reused","observed-first","22","3",,"692.432583","517","77",,,,,,,"true","true",,,,,"true","true",""
"main-vite-telemetry-logs-traces-100-telemetry-small-none-b-1-i0","vite","telemetry","telemetry-logs-traces-100","false","warmup","-1","0","small",,,"observed-reused","unknown","13","13",,"201.576708","20",,"2","5440","0","0","1","3","true","true",,,"true","true",,,""
"main-vite-telemetry-all-100-telemetry-small-none-b-1-i0","vite","telemetry","telemetry-all-100","false","warmup","-1","0","small",,,"observed-reused","unknown","16","16",,"201.154333","27",,"4","49908","200","200","1","3","true","true",,,"true","true",,,""
"main-vite-telemetry-logs-traces-0-telemetry-small-none-b-1-i0","vite","telemetry","telemetry-logs-traces-0","false","warmup","-1","0","small",,,"observed-reused","unknown","11","11",,"188.222625","17",,"2","5422","0","0","1","3","true","true",,,"true","true",,,""
"main-vite-telemetry-all-0-telemetry-small-none-b-1-i0","vite","telemetry","telemetry-all-0","false","warmup","-1","0","small",,,"observed-reused","unknown","27","27",,"245.762458","37",,"4","6504","0","0","1","3","true","true",,,"true","true",,,""
"main-vite-http-cached-http-large-none-b-1-i0","vite","http","http-cached","false","warmup","-1","0","large",,,"observed-reused","unknown","40","40",,"254.172459","59",,,,,,,,"true","true",,"true",,,,,""
"main-vite-http-cached-http-small-none-b-1-i0","vite","http","http-cached","false","warmup","-1","0","small",,,"observed-reused","unknown","2","2",,"276.4995","3",,,,,,,,"true","true",,"true",,,,,""
"main-vite-http-fresh-aa-http-large-none-b-1-i0","vite","http","http-fresh-aa","true","warmup","-1","0","large",,,"observed-reused","unknown","85","85",,"316.22925","119",,,,,,,,"true","true",,"true",,,,,""
"main-vite-http-fresh-aa-http-small-none-b-1-i0","vite","http","http-fresh-aa","true","warmup","-1","0","small",,,"observed-reused","unknown","4","4",,"181.729708","6",,,,,,,,"true","true",,"true",,,,,""
"main-vite-http-fresh-http-large-none-b-1-i0","vite","http","http-fresh","false","warmup","-1","0","large",,,"observed-reused","unknown","50","50",,"266.792875","71",,,,,,,,"true","true",,"true",,,,,""
"main-vite-http-fresh-http-small-none-b-1-i0","vite","http","http-fresh","false","warmup","-1","0","small",,,"observed-reused","unknown","2","2",,"245.382292","3",,,,,,,,"true","true",,"true",,,,,""
"main-vite-rpc-cached-rpc-25-none-b-1-i0","vite","rpc","rpc-cached","false","warmup","-1","0",,"25",,"observed-reused","observed-reused","16","16","7","228.783125","51",,,,,,,,"true","true","true",,,,,,""
"main-vite-rpc-cached-rpc-1-none-b-1-i0","vite","rpc","rpc-cached","false","warmup","-1","0",,"1",,"observed-reused","observed-reused","2","2","0","178.959792","4",,,,,,,,"true","true","true",,,,,,""
"main-vite-rpc-base-aa-rpc-25-none-b-1-i0","vite","rpc","rpc-base-aa","true","warmup","-1","0",,"25",,"observed-reused","observed-reused","29","29","21","268.549875","92",,,,,,,,"true","true","true",,,,,,""
"main-vite-rpc-base-aa-rpc-1-none-b-1-i0","vite","rpc","rpc-base-aa","true","warmup","-1","0",,"1",,"observed-reused","observed-reused","3","3","0","180.877334","5",,,,,,,,"true","true","true",,,,,,""
"main-vite-rpc-base-rpc-25-none-b-1-i0","vite","rpc","rpc-base","false","warmup","-1","0",,"25",,"observed-reused","observed-reused","10","10","0","207.224792","32",,,,,,,,"true","true","true",,,,,,""
"main-vite-rpc-base-rpc-1-none-b-1-i0","vite","rpc","rpc-base","false","warmup","-1","0",,"1",,"observed-reused","observed-reused","1","1","0","178.438458","2",,,,,,,,"true","true","true",,,,,,""
"main-wrangler-alarms-alarm-100-transaction-b-1-i0","wrangler","alarms","alarms","false","warmup","-1","0",,"100","transaction","observed-reused","observed-first","112","1",,"1034.7395","855","232",,,,,,,"true","true",,,,,"true","true",""
"main-wrangler-alarms-alarm-100-independent-b-1-i0","wrangler","alarms","alarms","false","warmup","-1","0",,"100","independent","observed-reused","observed-first","111","2",,"801.917958","588","163",,,,,,,"true","true",,,,,"true","true",""
"main-wrangler-alarms-alarm-10-transaction-b-1-i0","wrangler","alarms","alarms","false","warmup","-1","0",,"10","transaction","observed-reused","observed-first","19","1",,"760.794833","585","65",,,,,,,"true","true",,,,,"true","true",""
"main-wrangler-alarms-alarm-10-independent-b-1-i0","wrangler","alarms","alarms","false","warmup","-1","0",,"10","independent","observed-reused","observed-first","39","2",,"739.632791","567","77",,,,,,,"true","true",,,,,"true","true",""
"main-wrangler-alarms-alarm-1-transaction-b-1-i0","wrangler","alarms","alarms","false","warmup","-1","0",,"1","transaction","observed-reused","observed-first","15","2",,"622.287042","446","51",,,,,,,"true","true",,,,,"true","true",""
"main-wrangler-alarms-alarm-1-independent-b-1-i0","wrangler","alarms","alarms","false","warmup","-1","0",,"1","independent","observed-reused","observed-first","21","2",,"651.901167","468","69",,,,,,,"true","true",,,,,"true","true",""
"main-wrangler-telemetry-logs-traces-100-telemetry-small-none-b-1-i0","wrangler","telemetry","telemetry-logs-traces-100","false","warmup","-1","0","small",,,"observed-reused","unknown","13","13",,"192.931125","24",,"2","5468","0","0","1","3","true","true",,,"true","true",,,""
"main-wrangler-telemetry-all-100-telemetry-small-none-b-1-i0","wrangler","telemetry","telemetry-all-100","false","warmup","-1","0","small",,,"observed-reused","unknown","41","41",,"242.1585","58",,"4","49944","200","200","1","3","true","true",,,"true","true",,,""
"main-wrangler-telemetry-logs-traces-0-telemetry-small-none-b-1-i0","wrangler","telemetry","telemetry-logs-traces-0","false","warmup","-1","0","small",,,"observed-reused","unknown","27","27",,"208.579375","39",,"2","5450","0","0","1","3","true","true",,,"true","true",,,""
"main-wrangler-telemetry-all-0-telemetry-small-none-b-1-i0","wrangler","telemetry","telemetry-all-0","false","warmup","-1","0","small",,,"observed-first","unknown","64","64",,"342.9745","73",,"4","6538","0","0","1","3","true","true",,,"true","true",,,""
"main-wrangler-http-cached-http-large-none-b-1-i0","wrangler","http","http-cached","false","warmup","-1","0","large",,,"observed-reused","unknown","97","97",,"326.451667","134",,,,,,,,"true","true",,"true",,,,,""
"main-wrangler-alarms-alarm-10-independent-b0-i0","wrangler","alarms","alarms","false","warm","0","0",,"10","independent","observed-reused","observed-first","36","1",,"692.505083","510","85",,,,,,,"true","true",,,,,"true","true",""
"main-wrangler-alarms-alarm-10-transaction-b0-i0","wrangler","alarms","alarms","false","warm","0","0",,"10","transaction","observed-reused","observed-reused","6","1",,"451.877542","277","50",,,,,,,"true","true",,,,,"true","true",""
"main-wrangler-alarms-alarm-100-independent-b0-i0","wrangler","alarms","alarms","false","warm","0","0",,"100","independent","observed-reused","observed-first","118","2",,"795.087","571","177",,,,,,,"true","true",,,,,"true","true",""
"main-wrangler-alarms-alarm-100-transaction-b0-i0","wrangler","alarms","alarms","false","warm","0","0",,"100","transaction","observed-reused","observed-first","31","1",,"635.94175","390","74",,,,,,,"true","true",,,,,"true","true",""
"main-vite-rpc-base-rpc-1-none-b0-i0","vite","rpc","rpc-base","false","warm","0","0",,"1",,"observed-reused","observed-reused","1","1","0","176.809291","3",,,,,,,,"true","true","true",,,,,,""
"main-vite-rpc-base-rpc-25-none-b0-i0","vite","rpc","rpc-base","false","warm","0","0",,"25",,"observed-reused","observed-reused","8","8","2","214.452375","33",,,,,,,,"true","true","true",,,,,,""
"main-vite-rpc-base-aa-rpc-1-none-b0-i0","vite","rpc","rpc-base-aa","true","warm","0","0",,"1",,"observed-reused","observed-reused","2","2","0","263.940375","4",,,,,,,,"true","true","true",,,,,,""
"main-vite-rpc-base-aa-rpc-25-none-b0-i0","vite","rpc","rpc-base-aa","true","warm","0","0",,"25",,"observed-reused","observed-reused","13","13","8","233.73575","51",,,,,,,,"true","true","true",,,,,,""
"main-vite-rpc-cached-rpc-1-none-b0-i0","vite","rpc","rpc-cached","false","warm","0","0",,"1",,"observed-reused","observed-reused","2","2","0","189.294875","3",,,,,,,,"true","true","true",,,,,,""
"main-vite-rpc-cached-rpc-25-none-b0-i0","vite","rpc","rpc-cached","false","warm","0","0",,"25",,"observed-reused","observed-reused","9","9","5","215.317333","39",,,,,,,,"true","true","true",,,,,,""
"main-vite-http-fresh-http-small-none-b0-i0","vite","http","http-fresh","false","warm","0","0","small",,,"observed-reused","unknown","5","5",,"186.89125","5",,,,,,,,"true","true",,"true",,,,,""
"main-vite-http-fresh-http-large-none-b0-i0","vite","http","http-fresh","false","warm","0","0","large",,,"observed-reused","unknown","37","37",,"279.544333","61",,,,,,,,"true","true",,"true",,,,,""
"main-vite-http-fresh-aa-http-small-none-b0-i0","vite","http","http-fresh-aa","true","warm","0","0","small",,,"observed-reused","unknown","6","6",,"193.879917","7",,,,,,,,"true","true",,"true",,,,,""
"main-vite-http-fresh-aa-http-large-none-b0-i0","vite","http","http-fresh-aa","true","warm","0","0","large",,,"observed-reused","unknown","45","45",,"270.231417","67",,,,,,,,"true","true",,"true",,,,,""
"main-vite-http-cached-http-small-none-b0-i0","vite","http","http-cached","false","warm","0","0","small",,,"observed-reused","unknown","2","2",,"180.208375","3",,,,,,,,"true","true",,"true",,,,,""
"main-vite-http-cached-http-large-none-b0-i0","vite","http","http-cached","false","warm","0","0","large",,,"observed-reused","unknown","32","32",,"247.241625","54",,,,,,,,"true","true",,"true",,,,,""
"main-vite-telemetry-all-0-telemetry-small-none-b0-i0","vite","telemetry","telemetry-all-0","false","warm","0","0","small",,,"observed-reused","unknown","24","24",,"299.95025","36",,"4","6496","0","0","1","3","true","true",,,"true","true",,,""
"main-vite-telemetry-logs-traces-0-telemetry-small-none-b0-i0","vite","telemetry","telemetry-logs-traces-0","false","warm","0","0","small",,,"observed-reused","unknown","11","11",,"193.5415","17",,"2","5416","0","0","1","3","true","true",,,"true","true",,,""
"main-vite-telemetry-all-100-telemetry-small-none-b0-i0","vite","telemetry","telemetry-all-100","false","warm","0","0","small",,,"observed-reused","unknown","14","14",,"196.397125","21",,"4","49900","200","200","1","3","true","true",,,"true","true",,,""
"main-vite-telemetry-logs-traces-100-telemetry-small-none-b0-i0","vite","telemetry","telemetry-logs-traces-100","false","warm","0","0","small",,,"observed-reused","unknown","9","9",,"192.315709","13",,"2","5434","0","0","1","3","true","true",,,"true","true",,,""
"main-vite-alarms-alarm-1-independent-b0-i0","vite","alarms","alarms","false","warm","0","0",,"1","independent","observed-reused","observed-first","29","2",,"784.045875","544","84",,,,,,,"true","true",,,,,"true","true",""
"main-vite-alarms-alarm-1-transaction-b0-i0","vite","alarms","alarms","false","warm","0","0",,"1","transaction","observed-reused","observed-first","21","3",,"707.526666","527","75",,,,,,,"true","true",,,,,"true","true",""
"main-vite-alarms-alarm-10-independent-b0-i0","vite","alarms","alarms","false","warm","0","0",,"10","independent","observed-reused","observed-first",,"3",,"682.954833","504",,,,,,,,"true","true",,,,,"true","true","invocation-evidence"
"main-vite-alarms-alarm-10-transaction-b0-i0","vite","alarms","alarms","false","warm","0","0",,"10","transaction","observed-reused","observed-first","19","2",,"601.723541","427","69",,,,,,,"true","true",,,,,"true","true",""
"main-vite-alarms-alarm-100-independent-b0-i0","vite","alarms","alarms","false","warm","0","0",,"100","independent","observed-reused","observed-first","79","2",,"783.553084","602","129",,,,,,,"true","true",,,,,"true","true",""
"main-vite-alarms-alarm-100-transaction-b0-i0","vite","alarms","alarms","false","warm","0","0",,"100","transaction","observed-reused","observed-first","28","2",,"588.472292","405","82",,,,,,,"true","true",,,,,"true","true",""
"main-alchemy-rpc-base-rpc-1-none-b0-i0","alchemy","rpc","rpc-base","false","warm","0","0",,"1",,"unknown","unknown",,,,"176.570584",,,,,,,,,"true","false","false",,,,,,"missing-marker|target-count|response-context|rpc-count-verification"
"main-alchemy-rpc-base-rpc-25-none-b0-i0","alchemy","rpc","rpc-base","false","warm","0","0",,"25",,"observed-reused","observed-reused","7","7","2","208.612042","28",,,,,,,,"true","true","true",,,,,,""
"main-alchemy-rpc-cached-rpc-1-none-b0-i0","alchemy","rpc","rpc-cached","false","warm","0","0",,"1",,"observed-reused","observed-reused","2","2","0","178.105416","4",,,,,,,,"true","true","true",,,,,,""
"main-alchemy-rpc-cached-rpc-25-none-b0-i0","alchemy","rpc","rpc-cached","false","warm","0","0",,"25",,"observed-reused","observed-reused","8","8","4","276.479333","31",,,,,,,,"true","true","true",,,,,,""
"main-alchemy-http-fresh-http-small-none-b0-i0","alchemy","http","http-fresh","false","warm","0","0","small",,,"observed-reused","unknown","4","4",,"182.145417","4",,,,,,,,"true","true",,"true",,,,,""
"main-alchemy-http-fresh-http-large-none-b0-i0","alchemy","http","http-fresh","false","warm","0","0","large",,,"observed-reused","unknown","41","41",,"339.358792","64",,,,,,,,"true","true",,"true",,,,,""
"main-alchemy-http-cached-http-small-none-b0-i0","alchemy","http","http-cached","false","warm","0","0","small",,,"observed-reused","unknown","2","2",,"177.188708","2",,,,,,,,"true","true",,"true",,,,,""
"main-alchemy-http-cached-http-large-none-b0-i0","alchemy","http","http-cached","false","warm","0","0","large",,,"observed-reused","unknown","31","31",,"239.61325","50",,,,,,,,"true","true",,"true",,,,,""
"main-alchemy-telemetry-all-0-telemetry-small-none-b0-i0","alchemy","telemetry","telemetry-all-0","false","warm","0","0","small",,,"observed-reused","unknown","17","17",,"213.423916","26",,"4","6523","0","0","1","3","true","true",,,"true","true",,,""
"main-alchemy-telemetry-logs-traces-0-telemetry-small-none-b0-i0","alchemy","telemetry","telemetry-logs-traces-0","false","warm","0","0","small",,,"observed-reused","unknown","11","11",,"188.239625","17",,"2","5437","0","0","1","3","true","true",,,"true","true",,,""
"main-alchemy-telemetry-all-100-telemetry-small-none-b0-i0","alchemy","telemetry","telemetry-all-100","false","warm","0","0","small",,,"observed-reused","unknown","15","15",,"231.56875","24",,"4","49927","200","200","1","3","true","true",,,"true","true",,,""
"main-alchemy-telemetry-logs-traces-100-telemetry-small-none-b0-i0","alchemy","telemetry","telemetry-logs-traces-100","false","warm","0","0","small",,,"observed-reused","unknown","14","14",,"197.909333","22",,"2","5455","0","0","1","3","true","true",,,"true","true",,,""
"main-alchemy-alarms-alarm-1-independent-b0-i0","alchemy","alarms","alarms","false","warm","0","0",,"1","independent","observed-reused","observed-first","18","2",,"733.773416","560","61",,,,,,,"true","true",,,,,"true","true",""
"main-alchemy-alarms-alarm-1-transaction-b0-i0","alchemy","alarms","alarms","false","warm","0","0",,"1","transaction","observed-reused","observed-first","22","2",,"606.756084","431","65",,,,,,,"true","true",,,,,"true","true",""
"main-alchemy-alarms-alarm-10-independent-b0-i0","alchemy","alarms","alarms","false","warm","0","0",,"10","independent","observed-reused","observed-first","33","2",,"619.045333","445","79",,,,,,,"true","true",,,,,"true","true",""
"main-alchemy-alarms-alarm-10-transaction-b0-i0","alchemy","alarms","alarms","false","warm","0","0",,"10","transaction","observed-reused","observed-first","22","2",,"682.337958","507","69",,,,,,,"true","true",,,,,"true","true",""
"main-alchemy-alarms-alarm-100-independent-b0-i0","alchemy","alarms","alarms","false","warm","0","0",,"100","independent","observed-reused","observed-first","74","2",,"768.679166","592","175",,,,,,,"true","true",,,,,"true","true",""
"main-alchemy-alarms-alarm-100-transaction-b0-i0","alchemy","alarms","alarms","false","warm","0","0",,"100","transaction","observed-reused","observed-first","33","4",,"606.855208","430","90",,,,,,,"true","true",,,,,"true","true",""
"main-wrangler-rpc-base-rpc-1-none-b0-i0","wrangler","rpc","rpc-base","false","warm","0","0",,"1",,"observed-reused","observed-reused","2","2","1","178.692333","3",,,,,,,,"true","true","true",,,,,,""
"main-wrangler-rpc-base-rpc-25-none-b0-i0","wrangler","rpc","rpc-base","false","warm","0","0",,"25",,"observed-reused","observed-reused","11","11","2","208.380167","33",,,,,,,,"true","true","true",,,,,,""
"main-wrangler-rpc-cached-rpc-1-none-b0-i0","wrangler","rpc","rpc-cached","false","warm","0","0",,"1",,"observed-reused","observed-reused","1","1","0","180.333083","2",,,,,,,,"true","true","true",,,,,,""
"main-wrangler-rpc-cached-rpc-25-none-b0-i0","wrangler","rpc","rpc-cached","false","warm","0","0",,"25",,"observed-reused","observed-reused","9","9","0","211.46375","32",,,,,,,,"true","true","true",,,,,,""
"main-wrangler-http-fresh-http-small-none-b0-i0","wrangler","http","http-fresh","false","warm","0","0","small",,,"observed-reused","unknown","3","3",,"266.765459","4",,,,,,,,"true","true",,"true",,,,,""
"main-wrangler-http-fresh-http-large-none-b0-i0","wrangler","http","http-fresh","false","warm","0","0","large",,,"observed-reused","unknown","65","65",,"279.352917","82",,,,,,,,"true","true",,"true",,,,,""
"main-wrangler-http-cached-http-small-none-b0-i0","wrangler","http","http-cached","false","warm","0","0","small",,,"observed-reused","unknown","6","6",,"243.363375","8",,,,,,,,"true","true",,"true",,,,,""
"main-wrangler-http-cached-http-large-none-b0-i0","wrangler","http","http-cached","false","warm","0","0","large",,,"observed-reused","unknown","43","43",,"256.583875","66",,,,,,,,"true","true",,"true",,,,,""
"main-wrangler-telemetry-all-0-telemetry-small-none-b0-i0","wrangler","telemetry","telemetry-all-0","false","warm","0","0","small",,,"observed-reused","unknown","20","20",,"264.842834","35",,"4","6532","0","0","1","3","true","true",,,"true","true",,,""
"main-wrangler-telemetry-logs-traces-0-telemetry-small-none-b0-i0","wrangler","telemetry","telemetry-logs-traces-0","false","warm","0","0","small",,,"observed-reused","unknown","18","18",,"193.536333","22",,"2","5444","0","0","1","3","true","true",,,"true","true",,,""
"main-wrangler-telemetry-all-100-telemetry-small-none-b0-i0","wrangler","telemetry","telemetry-all-100","false","warm","0","0","small",,,"observed-reused","unknown","34","34",,"220.953167","43",,"4","49936","200","200","1","3","true","true",,,"true","true",,,""
"main-wrangler-telemetry-logs-traces-100-telemetry-small-none-b0-i0","wrangler","telemetry","telemetry-logs-traces-100","false","warm","0","0","small",,,"observed-reused","unknown","13","13",,"194.427667","16",,"2","5462","0","0","1","3","true","true",,,"true","true",,,""
"main-wrangler-alarms-alarm-1-independent-b0-i0","wrangler","alarms","alarms","false","warm","0","0",,"1","independent","observed-reused","observed-first","20","1",,"702.158917","524","65",,,,,,,"true","true",,,,,"true","true",""
"main-wrangler-alarms-alarm-1-transaction-b0-i0","wrangler","alarms","alarms","false","warm","0","0",,"1","transaction","observed-reused","observed-first","14","1",,"702.096042","529","65",,,,,,,"true","true",,,,,"true","true",""
"main-vite-http-fresh-http-small-none-b0-i1","vite","http","http-fresh","false","warm","0","1","small",,,"observed-reused","unknown","3","3",,"247.849917","4",,,,,,,,"true","true",,"true",,,,,""
"main-vite-rpc-cached-rpc-25-none-b0-i1","vite","rpc","rpc-cached","false","warm","0","1",,"25",,"observed-reused","observed-reused","14","14","7","229.914875","48",,,,,,,,"true","true","true",,,,,,""
"main-vite-rpc-cached-rpc-1-none-b0-i1","vite","rpc","rpc-cached","false","warm","0","1",,"1",,"observed-reused","observed-reused","4","4","1","188.244959","7",,,,,,,,"true","true","true",,,,,,""
"main-vite-rpc-base-aa-rpc-25-none-b0-i1","vite","rpc","rpc-base-aa","true","warm","0","1",,"25",,"observed-reused","observed-reused","25","25","15","248.954834","72",,,,,,,,"true","true","true",,,,,,""
"main-vite-rpc-base-aa-rpc-1-none-b0-i1","vite","rpc","rpc-base-aa","true","warm","0","1",,"1",,"observed-reused","observed-reused","5","5","1","184.270708","8",,,,,,,,"true","true","true",,,,,,""
"main-vite-rpc-base-rpc-25-none-b0-i1","vite","rpc","rpc-base","false","warm","0","1",,"25",,"observed-reused","observed-reused","8","8","1","203.372583","29",,,,,,,,"true","true","true",,,,,,""
"main-vite-rpc-base-rpc-1-none-b0-i1","vite","rpc","rpc-base","false","warm","0","1",,"1",,"observed-reused","observed-reused","2","2","0","178.463791","3",,,,,,,,"true","true","true",,,,,,""
"main-wrangler-alarms-alarm-100-transaction-b0-i1","wrangler","alarms","alarms","false","warm","0","1",,"100","transaction","observed-reused","observed-first","31","1",,"556.402917","381","64",,,,,,,"true","true",,,,,"true","true",""
"main-wrangler-alarms-alarm-100-independent-b0-i1","wrangler","alarms","alarms","false","warm","0","1",,"100","independent","observed-reused","observed-first","113","1",,"679.726166","502","178",,,,,,,"true","true",,,,,"true","true",""
"main-wrangler-alarms-alarm-10-transaction-b0-i1","wrangler","alarms","alarms","false","warm","0","1",,"10","transaction","observed-reused","observed-first","25","1",,"820.432458","557","80",,,,,,,"true","true",,,,,"true","true",""
"main-wrangler-alarms-alarm-10-independent-b0-i1","wrangler","alarms","alarms","false","warm","0","1",,"10","independent","observed-reused","observed-first","36","2",,"1469.234875","1249","87",,,,,,,"true","true",,,,,"true","true",""
"main-wrangler-alarms-alarm-1-transaction-b0-i1","wrangler","alarms","alarms","false","warm","0","1",,"1","transaction","observed-reused","observed-first","16","2",,"638.01675","373","55",,,,,,,"true","true",,,,,"true","true",""
"main-wrangler-alarms-alarm-1-independent-b0-i1","wrangler","alarms","alarms","false","warm","0","1",,"1","independent","observed-reused","observed-first","15","1",,"623.521875","422","58",,,,,,,"true","true",,,,,"true","true",""
"main-wrangler-telemetry-logs-traces-100-telemetry-small-none-b0-i1","wrangler","telemetry","telemetry-logs-traces-100","false","warm","0","1","small",,,"observed-reused","unknown","14","14",,"193.664875","22",,"2","5462","0","0","1","3","true","true",,,"true","true",,,""
"main-wrangler-telemetry-all-100-telemetry-small-none-b0-i1","wrangler","telemetry","telemetry-all-100","false","warm","0","1","small",,,"observed-reused","unknown","46","46",,"241.103375","62",,"4","49938","200","200","1","3","true","true",,,"true","true",,,""
"main-wrangler-telemetry-logs-traces-0-telemetry-small-none-b0-i1","wrangler","telemetry","telemetry-logs-traces-0","false","warm","0","1","small",,,"observed-reused","unknown","14","14",,"198.000958","21",,"2","5444","0","0","1","3","true","true",,,"true","true",,,""
"main-wrangler-telemetry-all-0-telemetry-small-none-b0-i1","wrangler","telemetry","telemetry-all-0","false","warm","0","1","small",,,"observed-reused","unknown","14","14",,"196.869916","22",,"4","6532","0","0","1","3","true","true",,,"true","true",,,""
"main-wrangler-http-cached-http-large-none-b0-i1","wrangler","http","http-cached","false","warm","0","1","large",,,"observed-reused","unknown","54","54",,"312.865","78",,,,,,,,"true","true",,"true",,,,,""
"main-wrangler-http-cached-http-small-none-b0-i1","wrangler","http","http-cached","false","warm","0","1","small",,,"observed-reused","unknown","3","3",,"186.547416","4",,,,,,,,"true","true",,"true",,,,,""
"main-wrangler-http-fresh-http-large-none-b0-i1","wrangler","http","http-fresh","false","warm","0","1","large",,,"observed-reused","unknown","45","45",,"333.412208","65",,,,,,,,"true","true",,"true",,,,,""
"main-wrangler-http-fresh-http-small-none-b0-i1","wrangler","http","http-fresh","false","warm","0","1","small",,,"observed-reused","unknown","2","2",,"178.008166","2",,,,,,,,"true","true",,"true",,,,,""
"main-wrangler-rpc-cached-rpc-25-none-b0-i1","wrangler","rpc","rpc-cached","false","warm","0","1",,"25",,"observed-reused","observed-reused","6","6","1","207.136792","24",,,,,,,,"true","true","true",,,,,,""
"main-wrangler-rpc-cached-rpc-1-none-b0-i1","wrangler","rpc","rpc-cached","false","warm","0","1",,"1",,"observed-reused","observed-reused","3","3","0","183.623209","4",,,,,,,,"true","true","true",,,,,,""
"main-wrangler-rpc-base-rpc-25-none-b0-i1","wrangler","rpc","rpc-base","false","warm","0","1",,"25",,"observed-reused","observed-reused","7","7","2","201.405917","26",,,,,,,,"true","true","true",,,,,,""
"main-wrangler-rpc-base-rpc-1-none-b0-i1","wrangler","rpc","rpc-base","false","warm","0","1",,"1",,"observed-reused","observed-reused","2","2","0","267.863792","4",,,,,,,,"true","true","true",,,,,,""
"main-alchemy-alarms-alarm-100-transaction-b0-i1","alchemy","alarms","alarms","false","warm","0","1",,"100","transaction","observed-reused","observed-first","32","2",,"603.430042","426","78",,,,,,,"true","true",,,,,"true","true",""
"main-alchemy-alarms-alarm-100-independent-b0-i1","alchemy","alarms","alarms","false","warm","0","1",,"100","independent","observed-reused","observed-first","84","3",,"660.906583","483","136",,,,,,,"true","true",,,,,"true","true",""
"main-alchemy-alarms-alarm-10-transaction-b0-i1","alchemy","alarms","alarms","false","warm","0","1",,"10","transaction","observed-reused","observed-first","18","2",,"574.527333","397","66",,,,,,,"true","true",,,,,"true","true",""
"main-alchemy-alarms-alarm-10-independent-b0-i1","alchemy","alarms","alarms","false","warm","0","1",,"10","independent","observed-reused","observed-first","27","3",,"638.2845","462","63",,,,,,,"true","true",,,,,"true","true",""
"main-alchemy-alarms-alarm-1-transaction-b0-i1","alchemy","alarms","alarms","false","warm","0","1",,"1","transaction","observed-reused","observed-first","18","3",,"642.873834","464","66",,,,,,,"true","true",,,,,"true","true",""
"main-alchemy-alarms-alarm-1-independent-b0-i1","alchemy","alarms","alarms","false","warm","0","1",,"1","independent","observed-reused","observed-first","19","2",,"775.114583","600","76",,,,,,,"true","true",,,,,"true","true",""
"main-alchemy-telemetry-logs-traces-100-telemetry-small-none-b0-i1","alchemy","telemetry","telemetry-logs-traces-100","false","warm","0","1","small",,,"observed-reused","unknown","15","15",,"199.229833","23",,"2","5455","0","0","1","3","true","true",,,"true","true",,,""
"main-alchemy-telemetry-all-100-telemetry-small-none-b0-i1","alchemy","telemetry","telemetry-all-100","false","warm","0","1","small",,,"observed-reused","unknown","17","17",,"206.37025","26",,"4","49929","200","200","1","3","true","true",,,"true","true",,,""
"main-alchemy-telemetry-logs-traces-0-telemetry-small-none-b0-i1","alchemy","telemetry","telemetry-logs-traces-0","false","warm","0","1","small",,,"observed-reused","unknown","12","12",,"193.265792","18",,"2","5437","0","0","1","3","true","true",,,"true","true",,,""
"main-alchemy-telemetry-all-0-telemetry-small-none-b0-i1","alchemy","telemetry","telemetry-all-0","false","warm","0","1","small",,,"observed-reused","unknown","13","13",,"233.476","22",,"4","6525","0","0","1","3","true","true",,,"true","true",,,""
"main-alchemy-http-cached-http-large-none-b0-i1","alchemy","http","http-cached","false","warm","0","1","large",,,"observed-reused","unknown","50","50",,"275.86775","73",,,,,,,,"true","true",,"true",,,,,""
"main-alchemy-http-cached-http-small-none-b0-i1","alchemy","http","http-cached","false","warm","0","1","small",,,"observed-reused","unknown","2","2",,"243.14625","2",,,,,,,,"true","true",,"true",,,,,""
"main-alchemy-http-fresh-http-large-none-b0-i1","alchemy","http","http-fresh","false","warm","0","1","large",,,"observed-reused","unknown","46","46",,"261.493958","67",,,,,,,,"true","true",,"true",,,,,""
"main-alchemy-http-fresh-http-small-none-b0-i1","alchemy","http","http-fresh","false","warm","0","1","small",,,"observed-reused","unknown","1","1",,"258.032125","2",,,,,,,,"true","true",,"true",,,,,""
"main-alchemy-rpc-cached-rpc-25-none-b0-i1","alchemy","rpc","rpc-cached","false","warm","0","1",,"25",,"observed-reused","observed-reused","9","9","3","207.758916","33",,,,,,,,"true","true","true",,,,,,""
"main-alchemy-rpc-cached-rpc-1-none-b0-i1","alchemy","rpc","rpc-cached","false","warm","0","1",,"1",,"observed-reused","observed-reused","1","1","0","178.4565","2",,,,,,,,"true","true","true",,,,,,""
"main-alchemy-rpc-base-rpc-25-none-b0-i1","alchemy","rpc","rpc-base","false","warm","0","1",,"25",,"observed-reused","observed-reused","12","12","3","212.579542","36",,,,,,,,"true","true","true",,,,,,""
"main-alchemy-rpc-base-rpc-1-none-b0-i1","alchemy","rpc","rpc-base","false","warm","0","1",,"1",,"observed-reused","observed-reused","2","2","0","190.105083","3",,,,,,,,"true","true","true",,,,,,""
"main-vite-alarms-alarm-100-transaction-b0-i1","vite","alarms","alarms","false","warm","0","1",,"100","transaction","observed-reused","observed-first","40","2",,"566.84025","393","95",,,,,,,"true","true",,,,,"true","true",""
"main-vite-alarms-alarm-100-independent-b0-i1","vite","alarms","alarms","false","warm","0","1",,"100","independent","observed-reused","observed-first","84","2",,"845.803416","594","165",,,,,,,"true","true",,,,,"true","true",""
"main-vite-alarms-alarm-10-transaction-b0-i1","vite","alarms","alarms","false","warm","0","1",,"10","transaction","observed-reused","observed-first","19","1",,"743.657583","482","76",,,,,,,"true","true",,,,,"true","true",""
"main-vite-alarms-alarm-10-independent-b0-i1","vite","alarms","alarms","false","warm","0","1",,"10","independent","observed-reused","observed-first","38","2",,"573.223458","398","74",,,,,,,"true","true",,,,,"true","true",""
"main-vite-alarms-alarm-1-transaction-b0-i1","vite","alarms","alarms","false","warm","0","1",,"1","transaction","observed-reused","observed-first","12","2",,"597.340667","420","66",,,,,,,"true","true",,,,,"true","true",""
"main-vite-alarms-alarm-1-independent-b0-i1","vite","alarms","alarms","false","warm","0","1",,"1","independent","observed-reused","observed-first","23","2",,"587.701","384","117",,,,,,,"true","true",,,,,"true","true",""
"main-vite-telemetry-logs-traces-100-telemetry-small-none-b0-i1","vite","telemetry","telemetry-logs-traces-100","false","warm","0","1","small",,,"observed-reused","unknown","13","13",,"192.289958","16",,"2","5434","0","0","1","3","true","true",,,"true","true",,,""
"main-vite-telemetry-all-100-telemetry-small-none-b0-i1","vite","telemetry","telemetry-all-100","false","warm","0","1","small",,,"observed-reused","unknown","12","12",,"201.188458","23",,"4","49902","200","200","1","3","true","true",,,"true","true",,,""
"main-vite-telemetry-logs-traces-0-telemetry-small-none-b0-i1","vite","telemetry","telemetry-logs-traces-0","false","warm","0","1","small",,,"observed-reused","unknown","11","11",,"187.287541","15",,"2","5416","0","0","1","3","true","true",,,"true","true",,,""
"main-vite-telemetry-all-0-telemetry-small-none-b0-i1","vite","telemetry","telemetry-all-0","false","warm","0","1","small",,,"observed-reused","unknown","28","28",,"216.386083","39",,"4","6498","0","0","1","3","true","true",,,"true","true",,,""
"main-vite-http-cached-http-large-none-b0-i1","vite","http","http-cached","false","warm","0","1","large",,,"observed-reused","unknown","45","45",,"279.2975","83",,,,,,,,"true","true",,"true",,,,,""
"main-vite-http-cached-http-small-none-b0-i1","vite","http","http-cached","false","warm","0","1","small",,,"observed-reused","unknown","3","3",,"181.571375","3",,,,,,,,"true","true",,"true",,,,,""
"main-vite-http-fresh-aa-http-large-none-b0-i1","vite","http","http-fresh-aa","true","warm","0","1","large",,,"observed-reused","unknown","62","62",,"309.794","93",,,,,,,,"true","true",,"true",,,,,""
"main-vite-http-fresh-aa-http-small-none-b0-i1","vite","http","http-fresh-aa","true","warm","0","1","small",,,"observed-reused","unknown","2","2",,"196.798417","3",,,,,,,,"true","true",,"true",,,,,""
"main-vite-http-fresh-http-large-none-b0-i1","vite","http","http-fresh","false","warm","0","1","large",,,"observed-reused","unknown","47","47",,"326.394584","72",,,,,,,,"true","true",,"true",,,,,""
"main-vite-alarms-alarm-10-independent-b0-i2","vite","alarms","alarms","false","warm","0","2",,"10","independent","observed-reused","observed-first","44","3",,"699.671375","516","84",,,,,,,"true","true",,,,,"true","true",""
"main-vite-alarms-alarm-10-transaction-b0-i2","vite","alarms","alarms","false","warm","0","2",,"10","transaction","observed-reused","observed-first","17","2",,"681.675125","509","51",,,,,,,"true","true",,,,,"true","true",""
"main-vite-alarms-alarm-100-independent-b0-i2","vite","alarms","alarms","false","warm","0","2",,"100","independent","observed-reused","observed-first","83","2",,"741.786792","565","145",,,,,,,"true","true",,,,,"true","true",""
"main-vite-alarms-alarm-100-transaction-b0-i2","vite","alarms","alarms","false","warm","0","2",,"100","transaction","observed-reused","observed-first","46","2",,"726.908334","474","97",,,,,,,"true","true",,,,,"true","true",""
"main-alchemy-rpc-base-rpc-1-none-b0-i2","alchemy","rpc","rpc-base","false","warm","0","2",,"1",,"observed-reused","observed-reused","2","2","0","180.863583","4",,,,,,,,"true","true","true",,,,,,""
"main-alchemy-rpc-base-rpc-25-none-b0-i2","alchemy","rpc","rpc-base","false","warm","0","2",,"25",,"observed-reused","observed-reused","6","6","0","201.435292","23",,,,,,,,"true","true","true",,,,,,""
"main-alchemy-rpc-cached-rpc-1-none-b0-i2","alchemy","rpc","rpc-cached","false","warm","0","2",,"1",,"observed-reused","observed-reused","1","1","0","251.414375","2",,,,,,,,"true","true","true",,,,,,""
"main-alchemy-rpc-cached-rpc-25-none-b0-i2","alchemy","rpc","rpc-cached","false","warm","0","2",,"25",,"observed-reused","observed-reused","6","6","0","201.151417","20",,,,,,,,"true","true","true",,,,,,""
"main-alchemy-http-fresh-http-small-none-b0-i2","alchemy","http","http-fresh","false","warm","0","2","small",,,"observed-reused","unknown","3","3",,"178.075083","3",,,,,,,,"true","true",,"true",,,,,""
"main-alchemy-http-fresh-http-large-none-b0-i2","alchemy","http","http-fresh","false","warm","0","2","large",,,"observed-reused","unknown","32","32",,"249.264708","52",,,,,,,,"true","true",,"true",,,,,""
"main-alchemy-http-cached-http-small-none-b0-i2","alchemy","http","http-cached","false","warm","0","2","small",,,"observed-reused","unknown","2","2",,"178.811458","2",,,,,,,,"true","true",,"true",,,,,""
"main-alchemy-http-cached-http-large-none-b0-i2","alchemy","http","http-cached","false","warm","0","2","large",,,"observed-reused","unknown","45","45",,"258.329833","67",,,,,,,,"true","true",,"true",,,,,""
"main-alchemy-telemetry-all-0-telemetry-small-none-b0-i2","alchemy","telemetry","telemetry-all-0","false","warm","0","2","small",,,"observed-reused","unknown","11","11",,"193.444459","18",,"4","6525","0","0","1","3","true","true",,,"true","true",,,""
"main-alchemy-telemetry-logs-traces-0-telemetry-small-none-b0-i2","alchemy","telemetry","telemetry-logs-traces-0","false","warm","0","2","small",,,"observed-reused","unknown","11","11",,"192.895792","15",,"2","5439","0","0","1","3","true","true",,,"true","true",,,""
"main-alchemy-telemetry-all-100-telemetry-small-none-b0-i2","alchemy","telemetry","telemetry-all-100","false","warm","0","2","small",,,"observed-reused","unknown","16","16",,"196.130416","22",,"4","49929","200","200","1","3","true","true",,,"true","true",,,""
"main-alchemy-telemetry-logs-traces-100-telemetry-small-none-b0-i2","alchemy","telemetry","telemetry-logs-traces-100","false","warm","0","2","small",,,"observed-reused","unknown","11","11",,"190.107209","16",,"2","5457","0","0","1","3","true","true",,,"true","true",,,""
"main-alchemy-alarms-alarm-1-independent-b0-i2","alchemy","alarms","alarms","false","warm","0","2",,"1","independent","observed-reused","observed-first","20","3",,"608.833084","429","61",,,,,,,"true","true",,,,,"true","true",""
"main-alchemy-alarms-alarm-1-transaction-b0-i2","alchemy","alarms","alarms","false","warm","0","2",,"1","transaction","observed-reused","observed-reused","3","2",,"565.007875","392","64",,,,,,,"true","true",,,,,"true","true",""
"main-alchemy-alarms-alarm-10-independent-b0-i2","alchemy","alarms","alarms","false","warm","0","2",,"10","independent","observed-reused","observed-first","31","2",,"616.160166","440","79",,,,,,,"true","true",,,,,"true","true",""
"main-alchemy-alarms-alarm-10-transaction-b0-i2","alchemy","alarms","alarms","false","warm","0","2",,"10","transaction","observed-reused","observed-first","27","2",,"835.8245","596","73",,,,,,,"true","true",,,,,"true","true",""
"main-alchemy-alarms-alarm-100-independent-b0-i2","alchemy","alarms","alarms","false","warm","0","2",,"100","independent","observed-reused","observed-first","82","2",,"605.357083","430","132",,,,,,,"true","true",,,,,"true","true",""
"main-alchemy-alarms-alarm-100-transaction-b0-i2","alchemy","alarms","alarms","false","warm","0","2",,"100","transaction","observed-reused","observed-first","43","2",,"664.2815","488","103",,,,,,,"true","true",,,,,"true","true",""
"main-wrangler-rpc-base-rpc-1-none-b0-i2","wrangler","rpc","rpc-base","false","warm","0","2",,"1",,"observed-reused","observed-reused","2","2","0","177.873209","5",,,,,,,,"true","true","true",,,,,,""
"main-wrangler-rpc-base-rpc-25-none-b0-i2","wrangler","rpc","rpc-base","false","warm","0","2",,"25",,"observed-reused","observed-reused","9","9","1","200.177042","27",,,,,,,,"true","true","true",,,,,,""
"main-wrangler-rpc-cached-rpc-1-none-b0-i2","wrangler","rpc","rpc-cached","false","warm","0","2",,"1",,"observed-reused","observed-reused","1","1","0","174.949834","3",,,,,,,,"true","true","true",,,,,,""
"main-wrangler-rpc-cached-rpc-25-none-b0-i2","wrangler","rpc","rpc-cached","false","warm","0","2",,"25",,"observed-reused","observed-reused","9","9","3","213.241042","38",,,,,,,,"true","true","true",,,,,,""
"main-wrangler-http-fresh-http-small-none-b0-i2","wrangler","http","http-fresh","false","warm","0","2","small",,,"observed-reused","unknown","1","1",,"251.018042","2",,,,,,,,"true","true",,"true",,,,,""
"main-wrangler-http-fresh-http-large-none-b0-i2","wrangler","http","http-fresh","false","warm","0","2","large",,,"observed-reused","unknown","41","41",,"248.692791","60",,,,,,,,"true","true",,"true",,,,,""
"main-wrangler-http-cached-http-small-none-b0-i2","wrangler","http","http-cached","false","warm","0","2","small",,,"observed-reused","unknown","3","3",,"181.275083","4",,,,,,,,"true","true",,"true",,,,,""
"main-wrangler-http-cached-http-large-none-b0-i2","wrangler","http","http-cached","false","warm","0","2","large",,,"observed-reused","unknown","62","62",,"374.147458","88",,,,,,,,"true","true",,"true",,,,,""
"main-wrangler-telemetry-all-0-telemetry-small-none-b0-i2","wrangler","telemetry","telemetry-all-0","false","warm","0","2","small",,,"observed-reused","unknown","18","18",,"243.573167","25",,"4","6534","0","0","1","3","true","true",,,"true","true",,,""
"main-wrangler-telemetry-logs-traces-0-telemetry-small-none-b0-i2","wrangler","telemetry","telemetry-logs-traces-0","false","warm","0","2","small",,,"observed-reused","unknown","15","15",,"194.354583","20",,"2","5446","0","0","1","3","true","true",,,"true","true",,,""
"main-wrangler-telemetry-all-100-telemetry-small-none-b0-i2","wrangler","telemetry","telemetry-all-100","false","warm","0","2","small",,,"observed-reused","unknown","31","31",,"216.709042","40",,"4","49938","200","200","1","3","true","true",,,"true","true",,,""
"main-wrangler-telemetry-logs-traces-100-telemetry-small-none-b0-i2","wrangler","telemetry","telemetry-logs-traces-100","false","warm","0","2","small",,,"observed-reused","unknown","12","12",,"187.241959","15",,"2","5464","0","0","1","3","true","true",,,"true","true",,,""
"main-wrangler-alarms-alarm-1-independent-b0-i2","wrangler","alarms","alarms","false","warm","0","2",,"1","independent","observed-reused","observed-first",,"2",,"718.405166","545",,,,,,,,"true","true",,,,,"true","true","invocation-evidence"
"main-wrangler-alarms-alarm-1-transaction-b0-i2","wrangler","alarms","alarms","false","warm","0","2",,"1","transaction","observed-reused","observed-first","19","1",,"629.014208","454","60",,,,,,,"true","true",,,,,"true","true",""
"main-wrangler-alarms-alarm-10-independent-b0-i2","wrangler","alarms","alarms","false","warm","0","2",,"10","independent","observed-reused","observed-first","33","1",,"608.369875","429","83",,,,,,,"true","true",,,,,"true","true",""
"main-wrangler-alarms-alarm-10-transaction-b0-i2","wrangler","alarms","alarms","false","warm","0","2",,"10","transaction","observed-reused","observed-first","22","2",,"551.811083","376","65",,,,,,,"true","true",,,,,"true","true",""
"main-wrangler-alarms-alarm-100-independent-b0-i2","wrangler","alarms","alarms","false","warm","0","2",,"100","independent","observed-reused","observed-first","114","2",,"830.433416","610","171",,,,,,,"true","true",,,,,"true","true",""
"main-wrangler-alarms-alarm-100-transaction-b0-i2","wrangler","alarms","alarms","false","warm","0","2",,"100","transaction","observed-reused","observed-first","31","1",,"648.349834","472","70",,,,,,,"true","true",,,,,"true","true",""
"main-vite-rpc-base-rpc-1-none-b0-i2","vite","rpc","rpc-base","false","warm","0","2",,"1",,"observed-reused","observed-reused","2","2","0","174.719125","3",,,,,,,,"true","true","true",,,,,,""
"main-vite-rpc-base-rpc-25-none-b0-i2","vite","rpc","rpc-base","false","warm","0","2",,"25",,"observed-reused","observed-reused","9","9","0","204.602625","30",,,,,,,,"true","true","true",,,,,,""
"main-vite-rpc-base-aa-rpc-1-none-b0-i2","vite","rpc","rpc-base-aa","true","warm","0","2",,"1",,"observed-reused","observed-reused","6","6","1","262.6635","13",,,,,,,,"true","true","true",,,,,,""
"main-vite-rpc-base-aa-rpc-25-none-b0-i2","vite","rpc","rpc-base-aa","true","warm","0","2",,"25",,"observed-reused","observed-reused","12","12","5","225.4175","42",,,,,,,,"true","true","true",,,,,,""
"main-vite-rpc-cached-rpc-1-none-b0-i2","vite","rpc","rpc-cached","false","warm","0","2",,"1",,"observed-reused","observed-reused","5","5","1","196.695833","8",,,,,,,,"true","true","true",,,,,,""
"main-vite-rpc-cached-rpc-25-none-b0-i2","vite","rpc","rpc-cached","false","warm","0","2",,"25",,"observed-reused","observed-reused","11","11","3","212.75875","37",,,,,,,,"true","true","true",,,,,,""
"main-vite-http-fresh-http-small-none-b0-i2","vite","http","http-fresh","false","warm","0","2","small",,,"observed-reused","unknown","2","2",,"175.357375","2",,,,,,,,"true","true",,"true",,,,,""
"main-vite-http-fresh-http-large-none-b0-i2","vite","http","http-fresh","false","warm","0","2","large",,,"observed-reused","unknown","41","41",,"250.557792","58",,,,,,,,"true","true",,"true",,,,,""
"main-vite-http-fresh-aa-http-small-none-b0-i2","vite","http","http-fresh-aa","true","warm","0","2","small",,,"observed-reused","unknown","5","5",,"181.3155","6",,,,,,,,"true","true",,"true",,,,,""
"main-vite-http-fresh-aa-http-large-none-b0-i2","vite","http","http-fresh-aa","true","warm","0","2","large",,,"observed-reused","unknown","69","69",,"322.133292","94",,,,,,,,"true","true",,"true",,,,,""
"main-vite-http-cached-http-small-none-b0-i2","vite","http","http-cached","false","warm","0","2","small",,,"observed-reused","unknown","2","2",,"181.673792","2",,,,,,,,"true","true",,"true",,,,,""
"main-vite-http-cached-http-large-none-b0-i2","vite","http","http-cached","false","warm","0","2","large",,,"observed-reused","unknown","29","29",,"240.703667","46",,,,,,,,"true","true",,"true",,,,,""
"main-vite-telemetry-all-0-telemetry-small-none-b0-i2","vite","telemetry","telemetry-all-0","false","warm","0","2","small",,,"observed-reused","unknown","19","19",,"204.125834","28",,"4","6498","0","0","1","3","true","true",,,"true","true",,,""
"main-vite-telemetry-logs-traces-0-telemetry-small-none-b0-i2","vite","telemetry","telemetry-logs-traces-0","false","warm","0","2","small",,,"observed-reused","unknown","9","9",,"184.402333","13",,"2","5418","0","0","1","3","true","true",,,"true","true",,,""
"main-vite-telemetry-all-100-telemetry-small-none-b0-i2","vite","telemetry","telemetry-all-100","false","warm","0","2","small",,,"observed-reused","unknown","22","22",,"234.301167","37",,"4","49902","200","200","1","3","true","true",,,"true","true",,,""
"main-vite-telemetry-logs-traces-100-telemetry-small-none-b0-i2","vite","telemetry","telemetry-logs-traces-100","false","warm","0","2","small",,,"observed-reused","unknown","15","15",,"192.007625","18",,"2","5436","0","0","1","3","true","true",,,"true","true",,,""
"main-vite-alarms-alarm-1-independent-b0-i2","vite","alarms","alarms","false","warm","0","2",,"1","independent","observed-reused","observed-first","13","4",,"634.61625","461","55",,,,,,,"true","true",,,,,"true","true",""
"main-vite-alarms-alarm-1-transaction-b0-i2","vite","alarms","alarms","false","warm","0","2",,"1","transaction","observed-reused","observed-first","15","1",,"620.181375","446","61",,,,,,,"true","true",,,,,"true","true",""
"main-alchemy-http-cached-http-small-none-b0-i3","alchemy","http","http-cached","false","warm","0","3","small",,,"observed-reused","unknown","1","1",,"178.33075","1",,,,,,,,"true","true",,"true",,,,,""
"main-alchemy-http-fresh-http-large-none-b0-i3","alchemy","http","http-fresh","false","warm","0","3","large",,,"observed-reused","unknown","56","56",,"288.555375","94",,,,,,,,"true","true",,"true",,,,,""
"main-alchemy-http-fresh-http-small-none-b0-i3","alchemy","http","http-fresh","false","warm","0","3","small",,,"observed-reused","unknown","2","2",,"180.696417","3",,,,,,,,"true","true",,"true",,,,,""
"main-alchemy-rpc-cached-rpc-25-none-b0-i3","alchemy","rpc","rpc-cached","false","warm","0","3",,"25",,"observed-reused","observed-reused","6","6","0","196.222459","21",,,,,,,,"true","true","true",,,,,,""
"main-alchemy-rpc-cached-rpc-1-none-b0-i3","alchemy","rpc","rpc-cached","false","warm","0","3",,"1",,"observed-reused","observed-reused","1","1","0","179.052042","2",,,,,,,,"true","true","true",,,,,,""
"main-alchemy-rpc-base-rpc-25-none-b0-i3","alchemy","rpc","rpc-base","false","warm","0","3",,"25",,"observed-reused","observed-reused","7","7","0","204.500417","20",,,,,,,,"true","true","true",,,,,,""
"main-alchemy-rpc-base-rpc-1-none-b0-i3","alchemy","rpc","rpc-base","false","warm","0","3",,"1",,"observed-reused","observed-reused","1","1","1","185.736708","5",,,,,,,,"true","true","true",,,,,,""
"main-vite-alarms-alarm-100-transaction-b0-i3","vite","alarms","alarms","false","warm","0","3",,"100","transaction","observed-reused","observed-first","28","2",,"710.611125","537","78",,,,,,,"true","true",,,,,"true","true",""
"main-vite-alarms-alarm-100-independent-b0-i3","vite","alarms","alarms","false","warm","0","3",,"100","independent","observed-reused","observed-first","97","1",,"840.123709","580","146",,,,,,,"true","true",,,,,"true","true",""
"main-vite-alarms-alarm-10-transaction-b0-i3","vite","alarms","alarms","false","warm","0","3",,"10","transaction","observed-reused","observed-first","23","1",,"631.045125","457","56",,,,,,,"true","true",,,,,"true","true",""
"main-vite-alarms-alarm-10-independent-b0-i3","vite","alarms","alarms","false","warm","0","3",,"10","independent","observed-reused","observed-first","26","2",,"552.769833","372","68",,,,,,,"true","true",,,,,"true","true",""
"main-vite-alarms-alarm-1-transaction-b0-i3","vite","alarms","alarms","false","warm","0","3",,"1","transaction","observed-reused","observed-first","18","4",,"643.982459","461","78",,,,,,,"true","true",,,,,"true","true",""
"main-vite-alarms-alarm-1-independent-b0-i3","vite","alarms","alarms","false","warm","0","3",,"1","independent","observed-reused","observed-first","14","1",,"624.895042","448","55",,,,,,,"true","true",,,,,"true","true",""
"main-vite-telemetry-logs-traces-100-telemetry-small-none-b0-i3","vite","telemetry","telemetry-logs-traces-100","false","warm","0","3","small",,,"observed-reused","unknown","7","7",,"196.026416","10",,"2","5436","0","0","1","3","true","true",,,"true","true",,,""
"main-vite-telemetry-all-100-telemetry-small-none-b0-i3","vite","telemetry","telemetry-all-100","false","warm","0","3","small",,,"observed-reused","unknown","14","14",,"205.674708","29",,"4","49902","200","200","1","3","true","true",,,"true","true",,,""
"main-vite-telemetry-logs-traces-0-telemetry-small-none-b0-i3","vite","telemetry","telemetry-logs-traces-0","false","warm","0","3","small",,,"observed-reused","unknown","8","8",,"279.542917","12",,"2","5418","0","0","1","3","true","true",,,"true","true",,,""
"main-vite-telemetry-all-0-telemetry-small-none-b0-i3","vite","telemetry","telemetry-all-0","false","warm","0","3","small",,,"observed-reused","unknown","20","20",,"202.5605","28",,"4","6498","0","0","1","3","true","true",,,"true","true",,,""
"main-vite-http-cached-http-large-none-b0-i3","vite","http","http-cached","false","warm","0","3","large",,,"observed-reused","unknown","32","32",,"236.253667","48",,,,,,,,"true","true",,"true",,,,,""
"main-vite-http-cached-http-small-none-b0-i3","vite","http","http-cached","false","warm","0","3","small",,,"observed-reused","unknown","1","1",,"175.326084","1",,,,,,,,"true","true",,"true",,,,,""
"main-vite-http-fresh-aa-http-large-none-b0-i3","vite","http","http-fresh-aa","true","warm","0","3","large",,,"observed-reused","unknown","57","57",,"267.265458","79",,,,,,,,"true","true",,"true",,,,,""
"main-vite-http-fresh-aa-http-small-none-b0-i3","vite","http","http-fresh-aa","true","warm","0","3","small",,,"observed-reused","unknown","2","2",,"178.136708","3",,,,,,,,"true","true",,"true",,,,,""
"main-vite-http-fresh-http-large-none-b0-i3","vite","http","http-fresh","false","warm","0","3","large",,,"observed-reused","unknown","53","53",,"334.350042","83",,,,,,,,"true","true",,"true",,,,,""
"main-vite-http-fresh-http-small-none-b0-i3","vite","http","http-fresh","false","warm","0","3","small",,,"observed-reused","unknown","1","1",,"181.930458","2",,,,,,,,"true","true",,"true",,,,,""
"main-vite-rpc-cached-rpc-25-none-b0-i3","vite","rpc","rpc-cached","false","warm","0","3",,"25",,"observed-reused","observed-reused","10","10","3","214.502875","38",,,,,,,,"true","true","true",,,,,,""
"main-vite-rpc-cached-rpc-1-none-b0-i3","vite","rpc","rpc-cached","false","warm","0","3",,"1",,"observed-reused","observed-reused","1","1","0","183.619625","3",,,,,,,,"true","true","true",,,,,,""
"main-vite-rpc-base-aa-rpc-25-none-b0-i3","vite","rpc","rpc-base-aa","true","warm","0","3",,"25",,"observed-reused","observed-reused","22","22","20","281.531958","102",,,,,,,,"true","true","true",,,,,,""
"main-vite-rpc-base-aa-rpc-1-none-b0-i3","vite","rpc","rpc-base-aa","true","warm","0","3",,"1",,"observed-reused","observed-reused","1","1","0","179.387958","4",,,,,,,,"true","true","true",,,,,,""
"main-vite-rpc-base-rpc-25-none-b0-i3","vite","rpc","rpc-base","false","warm","0","3",,"25",,"observed-reused","observed-reused","7","7","0","196.283792","21",,,,,,,,"true","true","true",,,,,,""
"main-vite-rpc-base-rpc-1-none-b0-i3","vite","rpc","rpc-base","false","warm","0","3",,"1",,"observed-reused","observed-reused","1","1","2","176.480583","4",,,,,,,,"true","true","true",,,,,,""
"main-wrangler-alarms-alarm-100-transaction-b0-i3","wrangler","alarms","alarms","false","warm","0","3",,"100","transaction","observed-reused","observed-first","45","3",,"734.825417","561","122",,,,,,,"true","true",,,,,"true","true",""
"main-wrangler-alarms-alarm-100-independent-b0-i3","wrangler","alarms","alarms","false","warm","0","3",,"100","independent","observed-reused","observed-first","80","1",,"703.132667","529","127",,,,,,,"true","true",,,,,"true","true",""
"main-wrangler-alarms-alarm-10-transaction-b0-i3","wrangler","alarms","alarms","false","warm","0","3",,"10","transaction","observed-reused","observed-first","20","1",,"711.788375","539","66",,,,,,,"true","true",,,,,"true","true",""
"main-wrangler-alarms-alarm-10-independent-b0-i3","wrangler","alarms","alarms","false","warm","0","3",,"10","independent","observed-reused","observed-first","26","2",,"550.288292","377","83",,,,,,,"true","true",,,,,"true","true",""
"main-wrangler-alarms-alarm-1-transaction-b0-i3","wrangler","alarms","alarms","false","warm","0","3",,"1","transaction","observed-reused","observed-first","22","2",,"838.76225","561","66",,,,,,,"true","true",,,,,"true","true",""
"main-wrangler-alarms-alarm-1-independent-b0-i3","wrangler","alarms","alarms","false","warm","0","3",,"1","independent","observed-reused","observed-first","15","2",,"709.247458","539","54",,,,,,,"true","true",,,,,"true","true",""
"main-wrangler-telemetry-logs-traces-100-telemetry-small-none-b0-i3","wrangler","telemetry","telemetry-logs-traces-100","false","warm","0","3","small",,,"observed-reused","unknown","10","10",,"189.998542","16",,"2","5464","0","0","1","3","true","true",,,"true","true",,,""
"main-wrangler-telemetry-all-100-telemetry-small-none-b0-i3","wrangler","telemetry","telemetry-all-100","false","warm","0","3","small",,,"observed-reused","unknown","31","31",,"221.314916","44",,"4","49938","200","200","1","3","true","true",,,"true","true",,,""
"main-wrangler-telemetry-logs-traces-0-telemetry-small-none-b0-i3","wrangler","telemetry","telemetry-logs-traces-0","false","warm","0","3","small",,,"observed-reused","unknown","16","16",,"207.6315","26",,"2","5446","0","0","1","3","true","true",,,"true","true",,,""
"main-wrangler-telemetry-all-0-telemetry-small-none-b0-i3","wrangler","telemetry","telemetry-all-0","false","warm","0","3","small",,,"observed-first","unknown","63","63",,"425.381458","77",,"4","6530","0","0","1","3","true","true",,,"true","true",,,""
"main-wrangler-http-cached-http-large-none-b0-i3","wrangler","http","http-cached","false","warm","0","3","large",,,"observed-reused","unknown","47","47",,"277.852125","71",,,,,,,,"true","true",,"true",,,,,""
"main-wrangler-http-cached-http-small-none-b0-i3","wrangler","http","http-cached","false","warm","0","3","small",,,"observed-reused","unknown","2","2",,"246.223125","3",,,,,,,,"true","true",,"true",,,,,""
"main-wrangler-http-fresh-http-large-none-b0-i3","wrangler","http","http-fresh","false","warm","0","3","large",,,"observed-reused","unknown","37","37",,"248.141959","57",,,,,,,,"true","true",,"true",,,,,""
"main-wrangler-http-fresh-http-small-none-b0-i3","wrangler","http","http-fresh","false","warm","0","3","small",,,"observed-reused","unknown","1","1",,"187.438708","1",,,,,,,,"true","true",,"true",,,,,""
"main-wrangler-rpc-cached-rpc-25-none-b0-i3","wrangler","rpc","rpc-cached","false","warm","0","3",,"25",,"observed-reused","observed-reused","6","6","1","281.002875","24",,,,,,,,"true","true","true",,,,,,""
"main-wrangler-rpc-cached-rpc-1-none-b0-i3","wrangler","rpc","rpc-cached","false","warm","0","3",,"1",,"observed-reused","observed-reused","1","1","0","192.422625","4",,,,,,,,"true","true","true",,,,,,""
"main-wrangler-rpc-base-rpc-25-none-b0-i3","wrangler","rpc","rpc-base","false","warm","0","3",,"25",,"observed-reused","observed-reused","9","9","2","209.803417","33",,,,,,,,"true","true","true",,,,,,""
"main-wrangler-rpc-base-rpc-1-none-b0-i3","wrangler","rpc","rpc-base","false","warm","0","3",,"1",,"observed-reused","observed-reused","1","1","0","175.872041","2",,,,,,,,"true","true","true",,,,,,""
"main-alchemy-alarms-alarm-100-transaction-b0-i3","alchemy","alarms","alarms","false","warm","0","3",,"100","transaction","observed-reused","observed-first","41","3",,"769.62275","575","97",,,,,,,"true","true",,,,,"true","true",""
"main-alchemy-alarms-alarm-100-independent-b0-i3","alchemy","alarms","alarms","false","warm","0","3",,"100","independent","observed-reused","observed-first","99","2",,"893.2","715","304",,,,,,,"true","true",,,,,"true","true","edge-stage-coverage"
"main-alchemy-alarms-alarm-10-transaction-b0-i3","alchemy","alarms","alarms","false","warm","0","3",,"10","transaction","observed-reused","observed-first","23","2",,"598.33475","422","59",,,,,,,"true","true",,,,,"true","true","missing-marker|edge-stage-coverage"
"main-alchemy-alarms-alarm-10-independent-b0-i3","alchemy","alarms","alarms","false","warm","0","3",,"10","independent","observed-reused","observed-first","29","3",,"663.543584","489","84",,,,,,,"true","true",,,,,"true","true",""
"main-alchemy-alarms-alarm-1-transaction-b0-i3","alchemy","alarms","alarms","false","warm","0","3",,"1","transaction","observed-reused","observed-first","15","3",,"574.277417","401","62",,,,,,,"true","true",,,,,"true","true",""
"main-alchemy-alarms-alarm-1-independent-b0-i3","alchemy","alarms","alarms","false","warm","0","3",,"1","independent","observed-reused","observed-first","15","2",,"663.990791","486","66",,,,,,,"true","true",,,,,"true","true",""
"main-alchemy-telemetry-logs-traces-100-telemetry-small-none-b0-i3","alchemy","telemetry","telemetry-logs-traces-100","false","warm","0","3","small",,,"observed-reused","unknown","12","12",,"190.496875","16",,"2","5457","0","0","1","3","true","true",,,"true","true",,,""
"main-alchemy-telemetry-all-100-telemetry-small-none-b0-i3","alchemy","telemetry","telemetry-all-100","false","warm","0","3","small",,,"observed-reused","unknown","17","17",,"201.670125","28",,"4","49929","200","200","1","3","true","true",,,"true","true",,,""
"main-alchemy-telemetry-logs-traces-0-telemetry-small-none-b0-i3","alchemy","telemetry","telemetry-logs-traces-0","false","warm","0","3","small",,,"observed-reused","unknown","9","9",,"186.68875","14",,"2","5439","0","0","1","3","true","true",,,"true","true",,,""
"main-alchemy-telemetry-all-0-telemetry-small-none-b0-i3","alchemy","telemetry","telemetry-all-0","false","warm","0","3","small",,,"observed-reused","unknown","11","11",,"237.375208","17",,"4","6525","0","0","1","3","true","true",,,"true","true",,,""
"main-alchemy-http-cached-http-large-none-b0-i3","alchemy","http","http-cached","false","warm","0","3","large",,,"observed-reused","unknown","37","37",,"249.277209","60",,,,,,,,"true","true",,"true",,,,,""
"main-vite-rpc-base-aa-rpc-1-none-b1-i0","vite","rpc","rpc-base-aa","true","warm","1","0",,"1",,"observed-reused","observed-reused","1","1","0","179.937625","3",,,,,,,,"true","true","true",,,,,,""
"main-vite-rpc-base-rpc-25-none-b1-i0","vite","rpc","rpc-base","false","warm","1","0",,"25",,"observed-reused","observed-reused","7","7","2","204.215916","26",,,,,,,,"true","true","true",,,,,,""
"main-vite-rpc-base-rpc-1-none-b1-i0","vite","rpc","rpc-base","false","warm","1","0",,"1",,"observed-reused","observed-reused","1","1","0","178.723167","4",,,,,,,,"true","true","true",,,,,,""
"main-wrangler-alarms-alarm-100-transaction-b1-i0","wrangler","alarms","alarms","false","warm","1","0",,"100","transaction","observed-reused","observed-first","30","2",,"624.259875","451","66",,,,,,,"true","true",,,,,"true","true",""
"main-wrangler-alarms-alarm-100-independent-b1-i0","wrangler","alarms","alarms","false","warm","1","0",,"100","independent","observed-reused","observed-first","109","1",,"673.654458","497","184",,,,,,,"true","true",,,,,"true","true",""
"main-wrangler-alarms-alarm-10-transaction-b1-i0","wrangler","alarms","alarms","false","warm","1","0",,"10","transaction","observed-reused","observed-first","23","1",,"755.339209","582","74",,,,,,,"true","true",,,,,"true","true",""
"main-wrangler-alarms-alarm-10-independent-b1-i0","wrangler","alarms","alarms","false","warm","1","0",,"10","independent","observed-reused","observed-first","44","2",,"638.009541","463","121",,,,,,,"true","true",,,,,"true","true",""
"main-wrangler-alarms-alarm-1-transaction-b1-i0","wrangler","alarms","alarms","false","warm","1","0",,"1","transaction","observed-reused","observed-first","19","2",,"774.384416","598","72",,,,,,,"true","true",,,,,"true","true",""
"main-wrangler-alarms-alarm-1-independent-b1-i0","wrangler","alarms","alarms","false","warm","1","0",,"1","independent","observed-reused","observed-first","21","1",,"648.1855","475","73",,,,,,,"true","true",,,,,"true","true",""
"main-wrangler-telemetry-logs-traces-100-telemetry-small-none-b1-i0","wrangler","telemetry","telemetry-logs-traces-100","false","warm","1","0","small",,,"observed-reused","unknown","10","10",,"192.201042","16",,"2","5464","0","0","1","3","true","true",,,"true","true",,,""
"main-wrangler-telemetry-all-100-telemetry-small-none-b1-i0","wrangler","telemetry","telemetry-all-100","false","warm","1","0","small",,,"observed-reused","unknown","27","27",,"270.913833","33",,"4","49938","200","200","1","3","true","true",,,"true","true",,,""
"main-wrangler-telemetry-logs-traces-0-telemetry-small-none-b1-i0","wrangler","telemetry","telemetry-logs-traces-0","false","warm","1","0","small",,,"observed-reused","unknown","14","14",,"188.448459","20",,"2","5446","0","0","1","3","true","true",,,"true","true",,,""
"main-wrangler-telemetry-all-0-telemetry-small-none-b1-i0","wrangler","telemetry","telemetry-all-0","false","warm","1","0","small",,,"observed-reused","unknown","19","19",,"204.569917","29",,"4","6532","0","0","1","3","true","true",,,"true","true",,,""
"main-wrangler-http-cached-http-large-none-b1-i0","wrangler","http","http-cached","false","warm","1","0","large",,,"observed-reused","unknown","39","39",,"248.64875","55",,,,,,,,"true","true",,"true",,,,,""
"main-wrangler-http-cached-http-small-none-b1-i0","wrangler","http","http-cached","false","warm","1","0","small",,,"observed-reused","unknown","3","3",,"183.57475","5",,,,,,,,"true","true",,"true",,,,,""
"main-wrangler-http-fresh-http-large-none-b1-i0","wrangler","http","http-fresh","false","warm","1","0","large",,,"observed-reused","unknown","37","37",,"250.84","59",,,,,,,,"true","true",,"true",,,,,""
"main-wrangler-http-fresh-http-small-none-b1-i0","wrangler","http","http-fresh","false","warm","1","0","small",,,"observed-reused","unknown","2","2",,"177.676375","2",,,,,,,,"true","true",,"true",,,,,""
"main-wrangler-rpc-cached-rpc-25-none-b1-i0","wrangler","rpc","rpc-cached","false","warm","1","0",,"25",,"observed-reused","observed-reused","6","6","0","199.915","24",,,,,,,,"true","true","true",,,,,,""
"main-wrangler-rpc-cached-rpc-1-none-b1-i0","wrangler","rpc","rpc-cached","false","warm","1","0",,"1",,"observed-reused","observed-reused","1","1","0","176.818958","2",,,,,,,,"true","true","true",,,,,,""
"main-wrangler-rpc-base-rpc-25-none-b1-i0","wrangler","rpc","rpc-base","false","warm","1","0",,"25",,"observed-reused","observed-reused","6","6","1","197.865916","24",,,,,,,,"true","true","true",,,,,,""
"main-wrangler-rpc-base-rpc-1-none-b1-i0","wrangler","rpc","rpc-base","false","warm","1","0",,"1",,"observed-reused","observed-reused","1","1","0","262.961708","3",,,,,,,,"true","true","true",,,,,,""
"main-alchemy-alarms-alarm-100-transaction-b1-i0","alchemy","alarms","alarms","false","warm","1","0",,"100","transaction","observed-reused","observed-first","29","3",,"655.806042","478","71",,,,,,,"true","true",,,,,"true","true",""
"main-alchemy-alarms-alarm-100-independent-b1-i0","alchemy","alarms","alarms","false","warm","1","0",,"100","independent","observed-reused","observed-first","115","2",,"826.792458","654","178",,,,,,,"true","true",,,,,"true","true",""
"main-alchemy-alarms-alarm-10-transaction-b1-i0","alchemy","alarms","alarms","false","warm","1","0",,"10","transaction","observed-reused","observed-first","23","2",,"583.482375","405","59",,,,,,,"true","true",,,,,"true","true",""
"main-alchemy-alarms-alarm-10-independent-b1-i0","alchemy","alarms","alarms","false","warm","1","0",,"10","independent","observed-reused","observed-first","34","2",,"840.407833","584","238",,,,,,,"true","true",,,,,"true","true",""
"main-alchemy-alarms-alarm-1-transaction-b1-i0","alchemy","alarms","alarms","false","warm","1","0",,"1","transaction","observed-reused","observed-first","20","3",,"714.727916","540","67",,,,,,,"true","true",,,,,"true","true",""
"main-alchemy-alarms-alarm-1-independent-b1-i0","alchemy","alarms","alarms","false","warm","1","0",,"1","independent","observed-reused","observed-reused","3","2",,"612.357292","435","51",,,,,,,"true","true",,,,,"true","true",""
"main-alchemy-telemetry-logs-traces-100-telemetry-small-none-b1-i0","alchemy","telemetry","telemetry-logs-traces-100","false","warm","1","0","small",,,"observed-reused","unknown","10","10",,"185.719084","14",,"2","5457","0","0","1","3","true","true",,,"true","true",,,""
"main-alchemy-telemetry-all-100-telemetry-small-none-b1-i0","alchemy","telemetry","telemetry-all-100","false","warm","1","0","small",,,"observed-reused","unknown","13","13",,"194.004542","22",,"4","49929","200","200","1","3","true","true",,,"true","true",,,""
"main-alchemy-telemetry-logs-traces-0-telemetry-small-none-b1-i0","alchemy","telemetry","telemetry-logs-traces-0","false","warm","1","0","small",,,"observed-reused","unknown","9","9",,"185.157","15",,"2","5439","0","0","1","3","true","true",,,"true","true",,,""
"main-alchemy-telemetry-all-0-telemetry-small-none-b1-i0","alchemy","telemetry","telemetry-all-0","false","warm","1","0","small",,,"observed-reused","unknown","12","12",,"192.706833","18",,"4","6525","0","0","1","3","true","true",,,"true","true",,,""
"main-alchemy-http-cached-http-large-none-b1-i0","alchemy","http","http-cached","false","warm","1","0","large",,,"observed-reused","unknown","34","34",,"288.109833","52",,,,,,,,"true","true",,"true",,,,,""
"main-alchemy-http-cached-http-small-none-b1-i0","alchemy","http","http-cached","false","warm","1","0","small",,,"observed-reused","unknown","2","2",,"181.956417","3",,,,,,,,"true","true",,"true",,,,,""
"main-alchemy-http-fresh-http-large-none-b1-i0","alchemy","http","http-fresh","false","warm","1","0","large",,,"unknown","unknown",,,,"330.47875",,,,,,,,,"true","false",,"false",,,,,"missing-marker|response-context|layer-header-verification"
"main-alchemy-http-fresh-http-small-none-b1-i0","alchemy","http","http-fresh","false","warm","1","0","small",,,"observed-reused","unknown","1","1",,"179.0925","2",,,,,,,,"true","true",,"true",,,,,""
"main-alchemy-rpc-cached-rpc-25-none-b1-i0","alchemy","rpc","rpc-cached","false","warm","1","0",,"25",,"observed-reused","observed-reused","5","5","4","201.327667","24",,,,,,,,"true","true","true",,,,,,""
"main-alchemy-rpc-cached-rpc-1-none-b1-i0","alchemy","rpc","rpc-cached","false","warm","1","0",,"1",,"observed-reused","observed-reused","1","1","0","178.963666","3",,,,,,,,"true","true","true",,,,,,""
"main-alchemy-rpc-base-rpc-25-none-b1-i0","alchemy","rpc","rpc-base","false","warm","1","0",,"25",,"observed-reused","observed-reused","6","6","1","199.904625","23",,,,,,,,"true","true","true",,,,,,""
"main-alchemy-rpc-base-rpc-1-none-b1-i0","alchemy","rpc","rpc-base","false","warm","1","0",,"1",,"observed-reused","observed-reused","1","1","0","175.482","2",,,,,,,,"true","true","true",,,,,,""
"main-vite-alarms-alarm-100-transaction-b1-i0","vite","alarms","alarms","false","warm","1","0",,"100","transaction","observed-reused","observed-first","30","3",,"725.450042","549","93",,,,,,,"true","true",,,,,"true","true",""
"main-vite-alarms-alarm-100-independent-b1-i0","vite","alarms","alarms","false","warm","1","0",,"100","independent","observed-reused","observed-first","105","2",,"685.459708","509","162",,,,,,,"true","true",,,,,"true","true",""
"main-vite-alarms-alarm-10-transaction-b1-i0","vite","alarms","alarms","false","warm","1","0",,"10","transaction","observed-reused","observed-first","23","1",,"541.806208","365","54",,,,,,,"true","true",,,,,"true","true",""
"main-vite-alarms-alarm-10-independent-b1-i0","vite","alarms","alarms","false","warm","1","0",,"10","independent","observed-reused","observed-first","32","2",,"621.344459","444","66",,,,,,,"true","true",,,,,"true","true",""
"main-vite-alarms-alarm-1-transaction-b1-i0","vite","alarms","alarms","false","warm","1","0",,"1","transaction","observed-reused","observed-first","20","2",,"751.205833","575","72",,,,,,,"true","true",,,,,"true","true",""
"main-vite-alarms-alarm-1-independent-b1-i0","vite","alarms","alarms","false","warm","1","0",,"1","independent","observed-reused","observed-first","13","2",,"607.960625","433","114",,,,,,,"true","true",,,,,"true","true",""
"main-vite-telemetry-logs-traces-100-telemetry-small-none-b1-i0","vite","telemetry","telemetry-logs-traces-100","false","warm","1","0","small",,,"observed-reused","unknown","10","10",,"191.720417","15",,"2","5436","0","0","1","3","true","true",,,"true","true",,,""
"main-vite-telemetry-all-100-telemetry-small-none-b1-i0","vite","telemetry","telemetry-all-100","false","warm","1","0","small",,,"observed-reused","unknown","13","13",,"192.457625","20",,"4","49902","200","200","1","3","true","true",,,"true","true",,,""
"main-vite-telemetry-logs-traces-0-telemetry-small-none-b1-i0","vite","telemetry","telemetry-logs-traces-0","false","warm","1","0","small",,,"observed-reused","unknown","12","12",,"189.08675","15",,"2","5418","0","0","1","3","true","true",,,"true","true",,,""
"main-vite-telemetry-all-0-telemetry-small-none-b1-i0","vite","telemetry","telemetry-all-0","false","warm","1","0","small",,,"observed-reused","unknown","31","31",,"264.35","43",,"4","6498","0","0","1","3","true","true",,,"true","true",,,""
"main-vite-http-cached-http-large-none-b1-i0","vite","http","http-cached","false","warm","1","0","large",,,"observed-reused","unknown","32","32",,"242.213625","49",,,,,,,,"true","true",,"true",,,,,""
"main-vite-http-cached-http-small-none-b1-i0","vite","http","http-cached","false","warm","1","0","small",,,"observed-reused","unknown","2","2",,"175.832833","3",,,,,,,,"true","true",,"true",,,,,""
"main-vite-http-fresh-aa-http-large-none-b1-i0","vite","http","http-fresh-aa","true","warm","1","0","large",,,"observed-reused","unknown","57","57",,"269.575417","79",,,,,,,,"true","true",,"true",,,,,""
"main-vite-http-fresh-aa-http-small-none-b1-i0","vite","http","http-fresh-aa","true","warm","1","0","small",,,"observed-reused","unknown","2","2",,"176.414166","3",,,,,,,,"true","true",,"true",,,,,""
"main-vite-http-fresh-http-large-none-b1-i0","vite","http","http-fresh","false","warm","1","0","large",,,"observed-reused","unknown","35","35",,"237.935208","50",,,,,,,,"true","true",,"true",,,,,""
"main-vite-http-fresh-http-small-none-b1-i0","vite","http","http-fresh","false","warm","1","0","small",,,"observed-reused","unknown","1","1",,"175.963416","1",,,,,,,,"true","true",,"true",,,,,""
"main-vite-rpc-cached-rpc-25-none-b1-i0","vite","rpc","rpc-cached","false","warm","1","0",,"25",,"observed-reused","observed-reused","12","12","11","291.743542","55",,,,,,,,"true","true","true",,,,,,""
"main-vite-rpc-cached-rpc-1-none-b1-i0","vite","rpc","rpc-cached","false","warm","1","0",,"1",,"observed-reused","observed-reused","1","1","0","187.15275","3",,,,,,,,"true","true","true",,,,,,""
"main-vite-rpc-base-aa-rpc-25-none-b1-i0","vite","rpc","rpc-base-aa","true","warm","1","0",,"25",,"observed-reused","observed-reused","9","9","5","208.993833","34",,,,,,,,"true","true","true",,,,,,""
"main-vite-telemetry-all-100-telemetry-small-none-b1-i1","vite","telemetry","telemetry-all-100","false","warm","1","1","small",,,"observed-reused","unknown","15","15",,"203.960583","23",,"4","49902","200","200","1","3","true","true",,,"true","true",,,""
"main-vite-telemetry-logs-traces-100-telemetry-small-none-b1-i1","vite","telemetry","telemetry-logs-traces-100","false","warm","1","1","small",,,"observed-reused","unknown","10","10",,"188.096417","13",,"2","5436","0","0","1","3","true","true",,,"true","true",,,""
"main-vite-alarms-alarm-1-independent-b1-i1","vite","alarms","alarms","false","warm","1","1",,"1","independent","observed-reused","observed-first","15","3",,"579.8695","405","65",,,,,,,"true","true",,,,,"true","true",""
"main-vite-alarms-alarm-1-transaction-b1-i1","vite","alarms","alarms","false","warm","1","1",,"1","transaction","observed-reused","observed-reused","3","2",,"444.639167","269","34",,,,,,,"true","true",,,,,"true","true",""
"main-vite-alarms-alarm-10-independent-b1-i1","vite","alarms","alarms","false","warm","1","1",,"10","independent","observed-reused","observed-first","36","2",,"673.475458","500","88",,,,,,,"true","true",,,,,"true","true",""
"main-vite-alarms-alarm-10-transaction-b1-i1","vite","alarms","alarms","false","warm","1","1",,"10","transaction","observed-reused","observed-first","20","2",,"621.876792","444","84",,,,,,,"true","true",,,,,"true","true",""
"main-vite-alarms-alarm-100-independent-b1-i1","vite","alarms","alarms","false","warm","1","1",,"100","independent","observed-reused","observed-first","117","5",,"723.317416","548","186",,,,,,,"true","true",,,,,"true","true",""
"main-vite-alarms-alarm-100-transaction-b1-i1","vite","alarms","alarms","false","warm","1","1",,"100","transaction","observed-reused","observed-first","30","1",,"609.764834","436","154",,,,,,,"true","true",,,,,"true","true",""
"main-alchemy-rpc-base-rpc-1-none-b1-i1","alchemy","rpc","rpc-base","false","warm","1","1",,"1",,"observed-reused","observed-reused","1","1","0","175.008583","2",,,,,,,,"true","true","true",,,,,,""
"main-alchemy-rpc-base-rpc-25-none-b1-i1","alchemy","rpc","rpc-base","false","warm","1","1",,"25",,"observed-reused","observed-reused","6","6","1","198.795","23",,,,,,,,"true","true","true",,,,,,""
"main-alchemy-rpc-cached-rpc-1-none-b1-i1","alchemy","rpc","rpc-cached","false","warm","1","1",,"1",,"observed-reused","observed-reused","0","0","0","180.056417","1",,,,,,,,"true","true","true",,,,,,""
"main-alchemy-rpc-cached-rpc-25-none-b1-i1","alchemy","rpc","rpc-cached","false","warm","1","1",,"25",,"observed-reused","observed-reused","8","8","3","279.990542","34",,,,,,,,"true","true","true",,,,,,""
"main-alchemy-http-fresh-http-small-none-b1-i1","alchemy","http","http-fresh","false","warm","1","1","small",,,"observed-reused","unknown","3","3",,"181.534125","4",,,,,,,,"true","true",,"true",,,,,""
"main-alchemy-http-fresh-http-large-none-b1-i1","alchemy","http","http-fresh","false","warm","1","1","large",,,"observed-reused","unknown","58","58",,"325.987833","80",,,,,,,,"true","true",,"true",,,,,""
"main-alchemy-http-cached-http-small-none-b1-i1","alchemy","http","http-cached","false","warm","1","1","small",,,"observed-reused","unknown","1","1",,"182.545166","1",,,,,,,,"true","true",,"true",,,,,""
"main-alchemy-http-cached-http-large-none-b1-i1","alchemy","http","http-cached","false","warm","1","1","large",,,"observed-reused","unknown","30","30",,"341.146958","49",,,,,,,,"true","true",,"true",,,,,""
"main-alchemy-telemetry-all-0-telemetry-small-none-b1-i1","alchemy","telemetry","telemetry-all-0","false","warm","1","1","small",,,"observed-reused","unknown","12","12",,"197.019958","18",,"4","6525","0","0","1","3","true","true",,,"true","true",,,""
"main-alchemy-telemetry-logs-traces-0-telemetry-small-none-b1-i1","alchemy","telemetry","telemetry-logs-traces-0","false","warm","1","1","small",,,"observed-reused","unknown","9","9",,"195.382875","15",,"2","5439","0","0","1","3","true","true",,,"true","true",,,""
"main-alchemy-telemetry-all-100-telemetry-small-none-b1-i1","alchemy","telemetry","telemetry-all-100","false","warm","1","1","small",,,"observed-reused","unknown","12","12",,"195.319375","19",,"4","49929","200","200","1","3","true","true",,,"true","true",,,""
"main-alchemy-telemetry-logs-traces-100-telemetry-small-none-b1-i1","alchemy","telemetry","telemetry-logs-traces-100","false","warm","1","1","small",,,"observed-reused","unknown","12","12",,"192.480375","22",,"2","5457","0","0","1","3","true","true",,,"true","true",,,""
"main-alchemy-alarms-alarm-1-independent-b1-i1","alchemy","alarms","alarms","false","warm","1","1",,"1","independent","observed-reused","observed-first","29","3",,"620.894792","448","65",,,,,,,"true","true",,,,,"true","true",""
"main-alchemy-alarms-alarm-1-transaction-b1-i1","alchemy","alarms","alarms","false","warm","1","1",,"1","transaction","observed-reused","observed-reused","2","2",,"607.806334","432","47",,,,,,,"true","true",,,,,"true","true",""
"main-alchemy-alarms-alarm-10-independent-b1-i1","alchemy","alarms","alarms","false","warm","1","1",,"10","independent","observed-reused","observed-first","24","2",,"517.381041","343","58",,,,,,,"true","true",,,,,"true","true",""
"main-alchemy-alarms-alarm-10-transaction-b1-i1","alchemy","alarms","alarms","false","warm","1","1",,"10","transaction","observed-reused","observed-first","18","1",,"581.681333","409","74",,,,,,,"true","true",,,,,"true","true",""
"main-alchemy-alarms-alarm-100-independent-b1-i1","alchemy","alarms","alarms","false","warm","1","1",,"100","independent","observed-reused","observed-first","75","3",,"739.3225","562","125",,,,,,,"true","true",,,,,"true","true",""
"main-alchemy-alarms-alarm-100-transaction-b1-i1","alchemy","alarms","alarms","false","warm","1","1",,"100","transaction","observed-reused","observed-reused","13","2",,"581.479333","407","70",,,,,,,"true","true",,,,,"true","true",""
"main-wrangler-rpc-base-rpc-1-none-b1-i1","wrangler","rpc","rpc-base","false","warm","1","1",,"1",,"observed-reused","observed-reused","1","1","0","176.904167","2",,,,,,,,"true","true","true",,,,,,""
"main-wrangler-rpc-base-rpc-25-none-b1-i1","wrangler","rpc","rpc-base","false","warm","1","1",,"25",,"observed-reused","observed-reused","8","8","4","233.82775","36",,,,,,,,"true","true","true",,,,,,""
"main-wrangler-rpc-cached-rpc-1-none-b1-i1","wrangler","rpc","rpc-cached","false","warm","1","1",,"1",,"observed-reused","observed-reused","1","1","0","186.05075","3",,,,,,,,"true","true","true",,,,,,""
"main-wrangler-rpc-cached-rpc-25-none-b1-i1","wrangler","rpc","rpc-cached","false","warm","1","1",,"25",,"observed-reused","observed-reused","7","7","3","238.956959","29",,,,,,,,"true","true","true",,,,,,""
"main-wrangler-http-fresh-http-small-none-b1-i1","wrangler","http","http-fresh","false","warm","1","1","small",,,"observed-reused","unknown","2","2",,"219.058584","2",,,,,,,,"true","true",,"true",,,,,""
"main-wrangler-http-fresh-http-large-none-b1-i1","wrangler","http","http-fresh","false","warm","1","1","large",,,"observed-reused","unknown","32","32",,"302.46925","52",,,,,,,,"true","true",,"true",,,,,""
"main-wrangler-http-cached-http-small-none-b1-i1","wrangler","http","http-cached","false","warm","1","1","small",,,"observed-reused","unknown","2","2",,"183.702375","3",,,,,,,,"true","true",,"true",,,,,""
"main-wrangler-http-cached-http-large-none-b1-i1","wrangler","http","http-cached","false","warm","1","1","large",,,"observed-reused","unknown","60","60",,"339.902167","87",,,,,,,,"true","true",,"true",,,,,""
"main-wrangler-telemetry-all-0-telemetry-small-none-b1-i1","wrangler","telemetry","telemetry-all-0","false","warm","1","1","small",,,"observed-reused","unknown","15","15",,"1568.87875","21",,"4","6532","0","0","1","3","true","true",,,"true","true",,,""
"main-wrangler-telemetry-logs-traces-0-telemetry-small-none-b1-i1","wrangler","telemetry","telemetry-logs-traces-0","false","warm","1","1","small",,,"observed-reused","unknown","17","17",,"193.477833","22",,"2","5446","0","0","1","3","true","true",,,"true","true",,,""
"main-wrangler-telemetry-all-100-telemetry-small-none-b1-i1","wrangler","telemetry","telemetry-all-100","false","warm","1","1","small",,,"observed-reused","unknown","20","20",,"201.450917","28",,"4","49938","200","200","1","3","true","true",,,"true","true",,,""
"main-wrangler-telemetry-logs-traces-100-telemetry-small-none-b1-i1","wrangler","telemetry","telemetry-logs-traces-100","false","warm","1","1","small",,,"observed-reused","unknown","13","13",,"187.513917","16",,"2","5464","0","0","1","3","true","true",,,"true","true",,,""
"main-wrangler-alarms-alarm-1-independent-b1-i1","wrangler","alarms","alarms","false","warm","1","1",,"1","independent","observed-reused","observed-reused","3","2",,"519.988209","346","57",,,,,,,"true","true",,,,,"true","true",""
"main-wrangler-alarms-alarm-1-transaction-b1-i1","wrangler","alarms","alarms","false","warm","1","1",,"1","transaction","observed-reused","observed-first","20","1",,"575.728042","399","64",,,,,,,"true","true",,,,,"true","true",""
"main-wrangler-alarms-alarm-10-independent-b1-i1","wrangler","alarms","alarms","false","warm","1","1",,"10","independent","observed-reused","observed-first","26","2",,"740.317459","555","59",,,,,,,"true","true",,,,,"true","true",""
"main-wrangler-alarms-alarm-10-transaction-b1-i1","wrangler","alarms","alarms","false","warm","1","1",,"10","transaction","observed-reused","observed-first","30","1",,"619.808375","445","68",,,,,,,"true","true",,,,,"true","true",""
"main-wrangler-alarms-alarm-100-independent-b1-i1","wrangler","alarms","alarms","false","warm","1","1",,"100","independent","observed-reused","observed-first","108","2",,"855.453625","669","233",,,,,,,"true","true",,,,,"true","true",""
"main-wrangler-alarms-alarm-100-transaction-b1-i1","wrangler","alarms","alarms","false","warm","1","1",,"100","transaction","observed-reused","observed-first","36","2",,"668.918375","493","71",,,,,,,"true","true",,,,,"true","true",""
"main-vite-rpc-base-rpc-1-none-b1-i1","vite","rpc","rpc-base","false","warm","1","1",,"1",,"observed-reused","observed-reused","1","1","0","265.110083","2",,,,,,,,"true","true","true",,,,,,""
"main-vite-rpc-base-rpc-25-none-b1-i1","vite","rpc","rpc-base","false","warm","1","1",,"25",,"observed-reused","observed-reused","6","6","2","198.291791","26",,,,,,,,"true","true","true",,,,,,""
"main-vite-rpc-base-aa-rpc-1-none-b1-i1","vite","rpc","rpc-base-aa","true","warm","1","1",,"1",,"observed-reused","observed-reused","2","2","0","179.503208","4",,,,,,,,"true","true","true",,,,,,""
"main-vite-rpc-base-aa-rpc-25-none-b1-i1","vite","rpc","rpc-base-aa","true","warm","1","1",,"25",,"observed-reused","observed-reused","19","19","18","245.043209","69",,,,,,,,"true","true","true",,,,,,""
"main-vite-rpc-cached-rpc-1-none-b1-i1","vite","rpc","rpc-cached","false","warm","1","1",,"1",,"observed-reused","observed-reused","4","4","0","251.005292","7",,,,,,,,"true","true","true",,,,,,""
"main-vite-rpc-cached-rpc-25-none-b1-i1","vite","rpc","rpc-cached","false","warm","1","1",,"25",,"observed-reused","observed-reused","9","9","5","210.209917","35",,,,,,,,"true","true","true",,,,,,""
"main-vite-http-fresh-http-small-none-b1-i1","vite","http","http-fresh","false","warm","1","1","small",,,"observed-reused","unknown","5","5",,"182.816375","7",,,,,,,,"true","true",,"true",,,,,""
"main-vite-http-fresh-http-large-none-b1-i1","vite","http","http-fresh","false","warm","1","1","large",,,"observed-reused","unknown","40","40",,"261.649916","60",,,,,,,,"true","true",,"true",,,,,""
"main-vite-http-fresh-aa-http-small-none-b1-i1","vite","http","http-fresh-aa","true","warm","1","1","small",,,"observed-reused","unknown","4","4",,"181.835958","7",,,,,,,,"true","true",,"true",,,,,""
"main-vite-http-fresh-aa-http-large-none-b1-i1","vite","http","http-fresh-aa","true","warm","1","1","large",,,"observed-reused","unknown","39","39",,"253.190334","63",,,,,,,,"true","true",,"true",,,,,""
"main-vite-http-cached-http-small-none-b1-i1","vite","http","http-cached","false","warm","1","1","small",,,"observed-reused","unknown","1","1",,"176.823209","2",,,,,,,,"true","true",,"true",,,,,""
"main-vite-http-cached-http-large-none-b1-i1","vite","http","http-cached","false","warm","1","1","large",,,"observed-reused","unknown","42","42",,"301.057208","61",,,,,,,,"true","true",,"true",,,,,""
"main-vite-telemetry-all-0-telemetry-small-none-b1-i1","vite","telemetry","telemetry-all-0","false","warm","1","1","small",,,"observed-reused","unknown","20","20",,"207.252708","29",,"4","6498","0","0","1","3","true","true",,,"true","true",,,""
"main-vite-telemetry-logs-traces-0-telemetry-small-none-b1-i1","vite","telemetry","telemetry-logs-traces-0","false","warm","1","1","small",,,"observed-reused","unknown","8","8",,"187.571958","13",,"2","5418","0","0","1","3","true","true",,,"true","true",,,""
"main-alchemy-rpc-cached-rpc-1-none-b1-i2","alchemy","rpc","rpc-cached","false","warm","1","2",,"1",,"observed-reused","observed-reused","1","1","1","177.945125","3",,,,,,,,"true","true","true",,,,,,""
"main-alchemy-rpc-base-rpc-25-none-b1-i2","alchemy","rpc","rpc-base","false","warm","1","2",,"25",,"observed-reused","observed-reused","10","10","0","197.796875","24",,,,,,,,"true","true","true",,,,,,""
"main-alchemy-rpc-base-rpc-1-none-b1-i2","alchemy","rpc","rpc-base","false","warm","1","2",,"1",,"observed-reused","observed-reused","0","0","0","176.263542","1",,,,,,,,"true","true","true",,,,,,""
"main-vite-alarms-alarm-100-transaction-b1-i2","vite","alarms","alarms","false","warm","1","2",,"100","transaction","observed-reused","observed-first","42","2",,"621.14775","443","80",,,,,,,"true","true",,,,,"true","true",""
"main-vite-alarms-alarm-100-independent-b1-i2","vite","alarms","alarms","false","warm","1","2",,"100","independent","observed-reused","observed-first","79","2",,"653.589375","472","118",,,,,,,"true","true",,,,,"true","true",""
"main-vite-alarms-alarm-10-transaction-b1-i2","vite","alarms","alarms","false","warm","1","2",,"10","transaction","observed-reused","unknown",,"2",,"640.705417","371",,,,,,,,"true","true",,,,,"true","true","target-count"
"main-vite-alarms-alarm-10-independent-b1-i2","vite","alarms","alarms","false","warm","1","2",,"10","independent","observed-reused","observed-first","55","3",,"722.477166","544","102",,,,,,,"true","true",,,,,"true","true",""
"main-vite-alarms-alarm-1-transaction-b1-i2","vite","alarms","alarms","false","warm","1","2",,"1","transaction","observed-reused","observed-first","15","2",,"654.766708","479","76",,,,,,,"true","true",,,,,"true","true",""
"main-vite-alarms-alarm-1-independent-b1-i2","vite","alarms","alarms","false","warm","1","2",,"1","independent","observed-reused","observed-reused","4","1",,"534.406541","354","43",,,,,,,"true","true",,,,,"true","true",""
"main-vite-telemetry-logs-traces-100-telemetry-small-none-b1-i2","vite","telemetry","telemetry-logs-traces-100","false","warm","1","2","small",,,"observed-reused","unknown","11","11",,"192.896958","17",,"2","5436","0","0","1","3","true","true",,,"true","true",,,""
"main-vite-telemetry-all-100-telemetry-small-none-b1-i2","vite","telemetry","telemetry-all-100","false","warm","1","2","small",,,"observed-reused","unknown",,,,"204.231416",,,"4","49902","200","200","1","3","true","true",,,"true","true",,,"invocation-evidence"
"main-vite-telemetry-logs-traces-0-telemetry-small-none-b1-i2","vite","telemetry","telemetry-logs-traces-0","false","warm","1","2","small",,,"observed-reused","unknown","9","9",,"188.339709","14",,"2","5418","0","0","1","3","true","true",,,"true","true",,,""
"main-vite-telemetry-all-0-telemetry-small-none-b1-i2","vite","telemetry","telemetry-all-0","false","warm","1","2","small",,,"observed-reused","unknown","30","30",,"219.402292","41",,"4","6498","0","0","1","3","true","true",,,"true","true",,,""
"main-vite-http-cached-http-large-none-b1-i2","vite","http","http-cached","false","warm","1","2","large",,,"observed-reused","unknown","34","34",,"249.191166","52",,,,,,,,"true","true",,"true",,,,,""
"main-vite-http-cached-http-small-none-b1-i2","vite","http","http-cached","false","warm","1","2","small",,,"observed-reused","unknown","1","1",,"177.203125","2",,,,,,,,"true","true",,"true",,,,,""
"main-vite-http-fresh-aa-http-large-none-b1-i2","vite","http","http-fresh-aa","true","warm","1","2","large",,,"observed-reused","unknown","55","55",,"312.265125","82",,,,,,,,"true","true",,"true",,,,,""
"main-vite-http-fresh-aa-http-small-none-b1-i2","vite","http","http-fresh-aa","true","warm","1","2","small",,,"observed-reused","unknown","3","3",,"178.810667","3",,,,,,,,"true","true",,"true",,,,,""
"main-vite-http-fresh-http-large-none-b1-i2","vite","http","http-fresh","false","warm","1","2","large",,,"observed-reused","unknown","39","39",,"253.402583","58",,,,,,,,"true","true",,"true",,,,,""
"main-vite-http-fresh-http-small-none-b1-i2","vite","http","http-fresh","false","warm","1","2","small",,,"observed-reused","unknown","2","2",,"266.088167","2",,,,,,,,"true","true",,"true",,,,,""
"main-vite-rpc-cached-rpc-25-none-b1-i2","vite","rpc","rpc-cached","false","warm","1","2",,"25",,"observed-reused","observed-reused","12","12","1","209.386083","36",,,,,,,,"true","true","true",,,,,,""
"main-vite-rpc-cached-rpc-1-none-b1-i2","vite","rpc","rpc-cached","false","warm","1","2",,"1",,"observed-reused","observed-reused","1","1","0","179.536625","3",,,,,,,,"true","true","true",,,,,,""
"main-vite-rpc-base-aa-rpc-25-none-b1-i2","vite","rpc","rpc-base-aa","true","warm","1","2",,"25",,"observed-reused","observed-reused","21","21","7","244.717375","65",,,,,,,,"true","true","true",,,,,,""
"main-vite-rpc-base-aa-rpc-1-none-b1-i2","vite","rpc","rpc-base-aa","true","warm","1","2",,"1",,"observed-reused","observed-reused","2","2","1","240.097333","6",,,,,,,,"true","true","true",,,,,,""
"main-vite-rpc-base-rpc-25-none-b1-i2","vite","rpc","rpc-base","false","warm","1","2",,"25",,"observed-reused","observed-reused","11","11","2","209.65125","31",,,,,,,,"true","true","true",,,,,,""
"main-vite-rpc-base-rpc-1-none-b1-i2","vite","rpc","rpc-base","false","warm","1","2",,"1",,"observed-reused","observed-reused","1","1","0","183.448666","3",,,,,,,,"true","true","true",,,,,,""
"main-wrangler-alarms-alarm-100-transaction-b1-i2","wrangler","alarms","alarms","false","warm","1","2",,"100","transaction","observed-reused","observed-first","38","1",,"727.969167","553","92",,,,,,,"true","true",,,,,"true","true",""
"main-wrangler-alarms-alarm-100-independent-b1-i2","wrangler","alarms","alarms","false","warm","1","2",,"100","independent","observed-reused","observed-first","84","1",,"703.844458","529","134",,,,,,,"true","true",,,,,"true","true",""
"main-wrangler-alarms-alarm-10-transaction-b1-i2","wrangler","alarms","alarms","false","warm","1","2",,"10","transaction","observed-reused","observed-first","25","2",,"677.78725","502","81",,,,,,,"true","true",,,,,"true","true",""
"main-wrangler-alarms-alarm-10-independent-b1-i2","wrangler","alarms","alarms","false","warm","1","2",,"10","independent","observed-reused","observed-first","31","2",,"725.220166","547","81",,,,,,,"true","true",,,,,"true","true",""
"main-wrangler-alarms-alarm-1-transaction-b1-i2","wrangler","alarms","alarms","false","warm","1","2",,"1","transaction","observed-reused","observed-first","14","2",,"560.479167","387","65",,,,,,,"true","true",,,,,"true","true",""
"main-wrangler-alarms-alarm-1-independent-b1-i2","wrangler","alarms","alarms","false","warm","1","2",,"1","independent","observed-reused","observed-first","23","1",,"666.051208","495","80",,,,,,,"true","true",,,,,"true","true",""
"main-wrangler-telemetry-logs-traces-100-telemetry-small-none-b1-i2","wrangler","telemetry","telemetry-logs-traces-100","false","warm","1","2","small",,,"observed-reused","unknown","13","13",,"277.35475","19",,"2","5464","0","0","1","3","true","true",,,"true","true",,,""
"main-wrangler-telemetry-all-100-telemetry-small-none-b1-i2","wrangler","telemetry","telemetry-all-100","false","warm","1","2","small",,,"observed-reused","unknown","33","33",,"227.960875","54",,"4","49938","200","200","1","3","true","true",,,"true","true",,,""
"main-wrangler-telemetry-logs-traces-0-telemetry-small-none-b1-i2","wrangler","telemetry","telemetry-logs-traces-0","false","warm","1","2","small",,,"observed-reused","unknown","16","16",,"196.988834","28",,"2","5446","0","0","1","3","true","true",,,"true","true",,,""
"main-wrangler-telemetry-all-0-telemetry-small-none-b1-i2","wrangler","telemetry","telemetry-all-0","false","warm","1","2","small",,,"observed-reused","unknown","12","12",,"193.966666","17",,"4","6534","0","0","1","3","true","true",,,"true","true",,,""
"main-wrangler-http-cached-http-large-none-b1-i2","wrangler","http","http-cached","false","warm","1","2","large",,,"observed-reused","unknown","53","53",,"258.565542","70",,,,,,,,"true","true",,"true",,,,,""
"main-wrangler-http-cached-http-small-none-b1-i2","wrangler","http","http-cached","false","warm","1","2","small",,,"observed-reused","unknown","1","1",,"176.79","2",,,,,,,,"true","true",,"true",,,,,""
"main-wrangler-http-fresh-http-large-none-b1-i2","wrangler","http","http-fresh","false","warm","1","2","large",,,"observed-reused","unknown","34","34",,"238.35625","51",,,,,,,,"true","true",,"true",,,,,""
"main-wrangler-http-fresh-http-small-none-b1-i2","wrangler","http","http-fresh","false","warm","1","2","small",,,"observed-reused","unknown","2","2",,"177.643625","2",,,,,,,,"true","true",,"true",,,,,""
"main-wrangler-rpc-cached-rpc-25-none-b1-i2","wrangler","rpc","rpc-cached","false","warm","1","2",,"25",,"observed-reused","observed-reused","8","8","3","207.932292","32",,,,,,,,"true","true","true",,,,,,""
"main-wrangler-rpc-cached-rpc-1-none-b1-i2","wrangler","rpc","rpc-cached","false","warm","1","2",,"1",,"observed-reused","observed-reused","1","1","0","176.907291","2",,,,,,,,"true","true","true",,,,,,""
"main-wrangler-rpc-base-rpc-25-none-b1-i2","wrangler","rpc","rpc-base","false","warm","1","2",,"25",,"observed-reused","observed-reused","10","10","3","239.158667","36",,,,,,,,"true","true","true",,,,,,""
"main-wrangler-rpc-base-rpc-1-none-b1-i2","wrangler","rpc","rpc-base","false","warm","1","2",,"1",,"observed-reused","observed-reused","1","1","0","181.449917","2",,,,,,,,"true","true","true",,,,,,""
"main-alchemy-alarms-alarm-100-transaction-b1-i2","alchemy","alarms","alarms","false","warm","1","2",,"100","transaction","observed-reused","observed-first","28","2",,"598.441","425","67",,,,,,,"true","true",,,,,"true","true",""
"main-alchemy-alarms-alarm-100-independent-b1-i2","alchemy","alarms","alarms","false","warm","1","2",,"100","independent","observed-reused","observed-first","74","1",,"652.318166","480","121",,,,,,,"true","true",,,,,"true","true",""
"main-alchemy-alarms-alarm-10-transaction-b1-i2","alchemy","alarms","alarms","false","warm","1","2",,"10","transaction","observed-reused","observed-first","22","4",,"824.381209","563","73",,,,,,,"true","true",,,,,"true","true",""
"main-alchemy-alarms-alarm-10-independent-b1-i2","alchemy","alarms","alarms","false","warm","1","2",,"10","independent","observed-reused","observed-first","36","3",,"636.263666","442","87",,,,,,,"true","true",,,,,"true","true",""
"main-alchemy-alarms-alarm-1-transaction-b1-i2","alchemy","alarms","alarms","false","warm","1","2",,"1","transaction","observed-reused","observed-first","20","2",,"836.817","655","50",,,,,,,"true","true",,,,,"true","true",""
"main-alchemy-alarms-alarm-1-independent-b1-i2","alchemy","alarms","alarms","false","warm","1","2",,"1","independent","observed-reused","observed-first","13","2",,"585.085084","409","54",,,,,,,"true","true",,,,,"true","true",""
"main-alchemy-telemetry-logs-traces-100-telemetry-small-none-b1-i2","alchemy","telemetry","telemetry-logs-traces-100","false","warm","1","2","small",,,"observed-reused","unknown","13","13",,"193.488666","20",,"2","5457","0","0","1","3","true","true",,,"true","true",,,""
"main-alchemy-telemetry-all-100-telemetry-small-none-b1-i2","alchemy","telemetry","telemetry-all-100","false","warm","1","2","small",,,"observed-reused","unknown","14","14",,"196.959875","23",,"4","49929","200","200","1","3","true","true",,,"true","true",,,""
"main-alchemy-telemetry-logs-traces-0-telemetry-small-none-b1-i2","alchemy","telemetry","telemetry-logs-traces-0","false","warm","1","2","small",,,"observed-reused","unknown","9","9",,"188.64175","14",,"2","5439","0","0","1","3","true","true",,,"true","true",,,""
"main-alchemy-telemetry-all-0-telemetry-small-none-b1-i2","alchemy","telemetry","telemetry-all-0","false","warm","1","2","small",,,"observed-reused","unknown","12","12",,"196.648708","20",,"4","6525","0","0","1","3","true","true",,,"true","true",,,""
"main-alchemy-http-cached-http-large-none-b1-i2","alchemy","http","http-cached","false","warm","1","2","large",,,"observed-reused","unknown","47","47",,"260.175583","70",,,,,,,,"true","true",,"true",,,,,""
"main-alchemy-http-cached-http-small-none-b1-i2","alchemy","http","http-cached","false","warm","1","2","small",,,"observed-reused","unknown","1","1",,"178.594584","1",,,,,,,,"true","true",,"true",,,,,""
"main-alchemy-http-fresh-http-large-none-b1-i2","alchemy","http","http-fresh","false","warm","1","2","large",,,"observed-reused","unknown","38","38",,"249.178959","62",,,,,,,,"true","true",,"true",,,,,""
"main-alchemy-http-fresh-http-small-none-b1-i2","alchemy","http","http-fresh","false","warm","1","2","small",,,"observed-reused","unknown","1","1",,"176.261708","2",,,,,,,,"true","true",,"true",,,,,""
"main-alchemy-rpc-cached-rpc-25-none-b1-i2","alchemy","rpc","rpc-cached","false","warm","1","2",,"25",,"observed-reused","observed-reused","8","8","1","199.283292","23",,,,,,,,"true","true","true",,,,,,""
"main-alchemy-alarms-alarm-10-independent-b1-i3","alchemy","alarms","alarms","false","warm","1","3",,"10","independent","observed-reused","observed-first","39","3",,"771.044709","499","99",,,,,,,"true","true",,,,,"true","true",""
"main-alchemy-alarms-alarm-10-transaction-b1-i3","alchemy","alarms","alarms","false","warm","1","3",,"10","transaction","observed-reused","observed-first","19","3",,"699.651583","433","74",,,,,,,"true","true",,,,,"true","true",""
"main-alchemy-alarms-alarm-100-independent-b1-i3","alchemy","alarms","alarms","false","warm","1","3",,"100","independent","observed-reused","observed-first","84","2",,"637.609333","460","144",,,,,,,"true","true",,,,,"true","true",""
"main-alchemy-alarms-alarm-100-transaction-b1-i3","alchemy","alarms","alarms","false","warm","1","3",,"100","transaction","observed-reused","observed-first","45","2",,"683.806875","508","96",,,,,,,"true","true",,,,,"true","true",""
"main-wrangler-rpc-base-rpc-1-none-b1-i3","wrangler","rpc","rpc-base","false","warm","1","3",,"1",,"observed-reused","observed-reused","1","1","0","241.461875","2",,,,,,,,"true","true","true",,,,,,""
"main-wrangler-rpc-base-rpc-25-none-b1-i3","wrangler","rpc","rpc-base","false","warm","1","3",,"25",,"observed-reused","observed-reused","12","12","0","207.8695","31",,,,,,,,"true","true","true",,,,,,""
"main-wrangler-rpc-cached-rpc-1-none-b1-i3","wrangler","rpc","rpc-cached","false","warm","1","3",,"1",,"observed-reused","observed-reused","1","1","0","194.401208","2",,,,,,,,"true","true","true",,,,,,""
"main-wrangler-rpc-cached-rpc-25-none-b1-i3","wrangler","rpc","rpc-cached","false","warm","1","3",,"25",,"observed-reused","observed-reused","8","8","1","267.34325","32",,,,,,,,"true","true","true",,,,,,""
"main-wrangler-http-fresh-http-small-none-b1-i3","wrangler","http","http-fresh","false","warm","1","3","small",,,"observed-reused","unknown","2","2",,"179.0275","3",,,,,,,,"true","true",,"true",,,,,""
"main-wrangler-http-fresh-http-large-none-b1-i3","wrangler","http","http-fresh","false","warm","1","3","large",,,"observed-reused","unknown","38","38",,"246.934875","54",,,,,,,,"true","true",,"true",,,,,""
"main-wrangler-http-cached-http-small-none-b1-i3","wrangler","http","http-cached","false","warm","1","3","small",,,"observed-reused","unknown","2","2",,"265.68025","4",,,,,,,,"true","true",,"true",,,,,""
"main-wrangler-http-cached-http-large-none-b1-i3","wrangler","http","http-cached","false","warm","1","3","large",,,"observed-reused","unknown","73","73",,"358.960625","167",,,,,,,,"true","true",,"true",,,,,""
"main-wrangler-telemetry-all-0-telemetry-small-none-b1-i3","wrangler","telemetry","telemetry-all-0","false","warm","1","3","small",,,"observed-reused","unknown","13","13",,"195.217916","19",,"4","6534","0","0","1","3","true","true",,,"true","true",,,""
"main-wrangler-telemetry-logs-traces-0-telemetry-small-none-b1-i3","wrangler","telemetry","telemetry-logs-traces-0","false","warm","1","3","small",,,"observed-reused","unknown","19","19",,"198.549958","26",,"2","5446","0","0","1","3","true","true",,,"true","true",,,""
"main-wrangler-telemetry-all-100-telemetry-small-none-b1-i3","wrangler","telemetry","telemetry-all-100","false","warm","1","3","small",,,"observed-reused","unknown","26","26",,"215.289958","37",,"4","49938","200","200","1","3","true","true",,,"true","true",,,""
"main-wrangler-telemetry-logs-traces-100-telemetry-small-none-b1-i3","wrangler","telemetry","telemetry-logs-traces-100","false","warm","1","3","small",,,"observed-reused","unknown","12","12",,"187.296417","16",,"2","5464","0","0","1","3","true","true",,,"true","true",,,""
"main-wrangler-alarms-alarm-1-independent-b1-i3","wrangler","alarms","alarms","false","warm","1","3",,"1","independent","observed-reused","observed-first","15","1",,"639.583125","463","67",,,,,,,"true","true",,,,,"true","true","invocation-evidence|edge-stage-coverage"
"main-wrangler-alarms-alarm-1-transaction-b1-i3","wrangler","alarms","alarms","false","warm","1","3",,"1","transaction","observed-reused","observed-first","13","1",,"609.16325","435","60",,,,,,,"true","true",,,,,"true","true",""
"main-wrangler-alarms-alarm-10-independent-b1-i3","wrangler","alarms","alarms","false","warm","1","3",,"10","independent","observed-reused","observed-first","33","1",,"786.108791","605","82",,,,,,,"true","true",,,,,"true","true","invocation-evidence|edge-stage-coverage"
"main-wrangler-alarms-alarm-10-transaction-b1-i3","wrangler","alarms","alarms","false","warm","1","3",,"10","transaction","observed-reused","observed-first","18","1",,"592.797","413","64",,,,,,,"true","true",,,,,"true","true","edge-stage-coverage"
"main-wrangler-alarms-alarm-100-independent-b1-i3","wrangler","alarms","alarms","false","warm","1","3",,"100","independent","observed-reused","observed-first","83","1",,"809.378833","626","144",,,,,,,"true","true",,,,,"true","true",""
"main-wrangler-alarms-alarm-100-transaction-b1-i3","wrangler","alarms","alarms","false","warm","1","3",,"100","transaction","observed-reused","observed-first","33","2",,"658.695417","486","90",,,,,,,"true","true",,,,,"true","true",""
"main-vite-rpc-base-rpc-1-none-b1-i3","vite","rpc","rpc-base","false","warm","1","3",,"1",,"observed-reused","observed-reused","1","1","1","175.171875","3",,,,,,,,"true","true","true",,,,,,""
"main-vite-rpc-base-rpc-25-none-b1-i3","vite","rpc","rpc-base","false","warm","1","3",,"25",,"observed-reused","observed-reused","8","8","0","202.41975","26",,,,,,,,"true","true","true",,,,,,""
"main-vite-rpc-base-aa-rpc-1-none-b1-i3","vite","rpc","rpc-base-aa","true","warm","1","3",,"1",,"observed-reused","observed-reused","1","1","0","180.84425","4",,,,,,,,"true","true","true",,,,,,""
"main-vite-rpc-base-aa-rpc-25-none-b1-i3","vite","rpc","rpc-base-aa","true","warm","1","3",,"25",,"observed-reused","observed-reused","15","15","7","250.298375","46",,,,,,,,"true","true","true",,,,,,""
"main-vite-rpc-cached-rpc-1-none-b1-i3","vite","rpc","rpc-cached","false","warm","1","3",,"1",,"observed-reused","observed-reused","3","3","2","187.61075","10",,,,,,,,"true","true","true",,,,,,""
"main-vite-rpc-cached-rpc-25-none-b1-i3","vite","rpc","rpc-cached","false","warm","1","3",,"25",,"observed-reused","observed-reused","14","14","7","222.303834","46",,,,,,,,"true","true","true",,,,,,""
"main-vite-http-fresh-http-small-none-b1-i3","vite","http","http-fresh","false","warm","1","3","small",,,"observed-reused","unknown","4","4",,"180.424541","4",,,,,,,,"true","true",,"true",,,,,""
"main-vite-http-fresh-http-large-none-b1-i3","vite","http","http-fresh","false","warm","1","3","large",,,"observed-reused","unknown","51","51",,"268.368708","78",,,,,,,,"true","true",,"true",,,,,""
"main-vite-http-fresh-aa-http-small-none-b1-i3","vite","http","http-fresh-aa","true","warm","1","3","small",,,"observed-reused","unknown","4","4",,"187.418458","5",,,,,,,,"true","true",,"true",,,,,""
"main-vite-http-fresh-aa-http-large-none-b1-i3","vite","http","http-fresh-aa","true","warm","1","3","large",,,"observed-reused","unknown","43","43",,"256.733042","66",,,,,,,,"true","true",,"true",,,,,""
"main-vite-http-cached-http-small-none-b1-i3","vite","http","http-cached","false","warm","1","3","small",,,"observed-reused","unknown","1","1",,"268.144042","2",,,,,,,,"true","true",,"true",,,,,""
"main-vite-http-cached-http-large-none-b1-i3","vite","http","http-cached","false","warm","1","3","large",,,"observed-reused","unknown","30","30",,"241.462084","49",,,,,,,,"true","true",,"true",,,,,""
"main-vite-telemetry-all-0-telemetry-small-none-b1-i3","vite","telemetry","telemetry-all-0","false","warm","1","3","small",,,"observed-reused","unknown","14","14",,"280.38625","24",,"4","6498","0","0","1","3","true","true",,,"true","true",,,""
"main-vite-telemetry-logs-traces-0-telemetry-small-none-b1-i3","vite","telemetry","telemetry-logs-traces-0","false","warm","1","3","small",,,"observed-reused","unknown","10","10",,"187.6465","14",,"2","5418","0","0","1","3","true","true",,,"true","true",,,""
"main-vite-telemetry-all-100-telemetry-small-none-b1-i3","vite","telemetry","telemetry-all-100","false","warm","1","3","small",,,"observed-reused","unknown","13","13",,"208.376375","24",,"4","49902","200","200","1","3","true","true",,,"true","true",,,""
"main-vite-telemetry-logs-traces-100-telemetry-small-none-b1-i3","vite","telemetry","telemetry-logs-traces-100","false","warm","1","3","small",,,"observed-reused","unknown","10","10",,"188.52275","13",,"2","5436","0","0","1","3","true","true",,,"true","true",,,""
"main-vite-alarms-alarm-1-independent-b1-i3","vite","alarms","alarms","false","warm","1","3",,"1","independent","observed-reused","observed-first","17","3",,"628.748542","436","65",,,,,,,"true","true",,,,,"true","true",""
"main-vite-alarms-alarm-1-transaction-b1-i3","vite","alarms","alarms","false","warm","1","3",,"1","transaction","observed-reused","observed-first","22","2",,"624.248291","444","73",,,,,,,"true","true",,,,,"true","true",""
"main-vite-alarms-alarm-10-independent-b1-i3","vite","alarms","alarms","false","warm","1","3",,"10","independent","observed-reused","observed-first","40","1",,"686.473167","508","108",,,,,,,"true","true",,,,,"true","true",""
"main-vite-alarms-alarm-10-transaction-b1-i3","vite","alarms","alarms","false","warm","1","3",,"10","transaction","observed-reused","observed-first","17","2",,"578.865708","403","66",,,,,,,"true","true",,,,,"true","true",""
"main-vite-alarms-alarm-100-independent-b1-i3","vite","alarms","alarms","false","warm","1","3",,"100","independent","observed-reused","observed-first","95","1",,"739.664292","563","218",,,,,,,"true","true",,,,,"true","true",""
"main-vite-alarms-alarm-100-transaction-b1-i3","vite","alarms","alarms","false","warm","1","3",,"100","transaction","observed-reused","observed-first","39","1",,"829.450208","568","79",,,,,,,"true","true",,,,,"true","true",""
"main-alchemy-rpc-base-rpc-1-none-b1-i3","alchemy","rpc","rpc-base","false","warm","1","3",,"1",,"observed-reused","observed-reused","2","2","1","184.81325","4",,,,,,,,"true","true","true",,,,,,""
"main-alchemy-rpc-base-rpc-25-none-b1-i3","alchemy","rpc","rpc-base","false","warm","1","3",,"25",,"unknown","observed-reused",,,,"213.664917",,,,,,,,,"true","false","false",,,,,,"missing-marker|invocation-evidence|invocation-evidence|invocation-evidence|invocation-evidence|invocation-evidence|invocation-evidence|target-count|response-context|rpc-count-verification"
"main-alchemy-rpc-cached-rpc-1-none-b1-i3","alchemy","rpc","rpc-cached","false","warm","1","3",,"1",,"observed-reused","observed-reused","1","1","0","218.683","3",,,,,,,,"true","true","true",,,,,,""
"main-alchemy-rpc-cached-rpc-25-none-b1-i3","alchemy","rpc","rpc-cached","false","warm","1","3",,"25",,"observed-reused","observed-reused","8","8","2","205.168292","27",,,,,,,,"true","true","true",,,,,,""
"main-alchemy-http-fresh-http-small-none-b1-i3","alchemy","http","http-fresh","false","warm","1","3","small",,,"observed-reused","unknown","3","3",,"186.677666","3",,,,,,,,"true","true",,"true",,,,,""
"main-alchemy-http-fresh-http-large-none-b1-i3","alchemy","http","http-fresh","false","warm","1","3","large",,,"observed-reused","unknown","37","37",,"243.527166","52",,,,,,,,"true","true",,"true",,,,,""
"main-alchemy-http-cached-http-small-none-b1-i3","alchemy","http","http-cached","false","warm","1","3","small",,,"observed-reused","unknown","1","1",,"179.939042","2",,,,,,,,"true","true",,"true",,,,,""
"main-alchemy-http-cached-http-large-none-b1-i3","alchemy","http","http-cached","false","warm","1","3","large",,,"observed-reused","unknown","35","35",,"241.988167","53",,,,,,,,"true","true",,"true",,,,,""
"main-alchemy-telemetry-all-0-telemetry-small-none-b1-i3","alchemy","telemetry","telemetry-all-0","false","warm","1","3","small",,,"observed-reused","unknown","11","11",,"193.932334","18",,"4","6525","0","0","1","3","true","true",,,"true","true",,,""
"main-alchemy-telemetry-logs-traces-0-telemetry-small-none-b1-i3","alchemy","telemetry","telemetry-logs-traces-0","false","warm","1","3","small",,,"observed-reused","unknown","13","13",,"198.552","29",,"2","5439","0","0","1","3","true","true",,,"true","true",,,""
"main-alchemy-telemetry-all-100-telemetry-small-none-b1-i3","alchemy","telemetry","telemetry-all-100","false","warm","1","3","small",,,"observed-reused","unknown","14","14",,"194.196","21",,"4","49929","200","200","1","3","true","true",,,"true","true",,,""
"main-alchemy-telemetry-logs-traces-100-telemetry-small-none-b1-i3","alchemy","telemetry","telemetry-logs-traces-100","false","warm","1","3","small",,,"observed-reused","unknown","9","9",,"189.279417","55",,"2","5457","0","0","1","3","true","true",,,"true","true",,,""
"main-alchemy-alarms-alarm-1-independent-b1-i3","alchemy","alarms","alarms","false","warm","1","3",,"1","independent","observed-reused","observed-first","15","1",,"633.3305","459","53",,,,,,,"true","true",,,,,"true","true",""
"main-alchemy-alarms-alarm-1-transaction-b1-i3","alchemy","alarms","alarms","false","warm","1","3",,"1","transaction","observed-reused","observed-first","15","3",,"606.885167","425","52",,,,,,,"true","true",,,,,"true","true",""
"main-vite-http-cached-http-small-none-b2-i0","vite","http","http-cached","false","warm","2","0","small",,,"observed-reused","unknown","2","2",,"264.264084","2",,,,,,,,"true","true",,"true",,,,,""
"main-vite-http-cached-http-large-none-b2-i0","vite","http","http-cached","false","warm","2","0","large",,,"observed-reused","unknown","42","42",,"262.96725","66",,,,,,,,"true","true",,"true",,,,,""
"main-vite-telemetry-all-0-telemetry-small-none-b2-i0","vite","telemetry","telemetry-all-0","false","warm","2","0","small",,,"observed-reused","unknown","24","24",,"249.894709","32",,"4","6498","0","0","1","3","true","true",,,"true","true",,,""
"main-vite-telemetry-logs-traces-0-telemetry-small-none-b2-i0","vite","telemetry","telemetry-logs-traces-0","false","warm","2","0","small",,,"observed-reused","unknown","9","9",,"185.868833","14",,"2","5418","0","0","1","3","true","true",,,"true","true",,,""
"main-vite-telemetry-all-100-telemetry-small-none-b2-i0","vite","telemetry","telemetry-all-100","false","warm","2","0","small",,,"observed-reused","unknown","13","13",,"196.267708","20",,"4","49902","200","200","1","3","true","true",,,"true","true",,,""
"main-vite-telemetry-logs-traces-100-telemetry-small-none-b2-i0","vite","telemetry","telemetry-logs-traces-100","false","warm","2","0","small",,,"observed-reused","unknown","7","7",,"189.300208","9",,"2","5436","0","0","1","3","true","true",,,"true","true",,,""
"main-vite-alarms-alarm-1-independent-b2-i0","vite","alarms","alarms","false","warm","2","0",,"1","independent","observed-reused","observed-first","18","2",,"676.579875","496","49",,,,,,,"true","true",,,,,"true","true",""
"main-vite-alarms-alarm-1-transaction-b2-i0","vite","alarms","alarms","false","warm","2","0",,"1","transaction","observed-reused","observed-first","15","2",,"574.771083","399","62",,,,,,,"true","true",,,,,"true","true",""
"main-vite-alarms-alarm-10-independent-b2-i0","vite","alarms","alarms","false","warm","2","0",,"10","independent","observed-reused","observed-first","26","2",,"564.807375","388","70",,,,,,,"true","true",,,,,"true","true",""
"main-vite-alarms-alarm-10-transaction-b2-i0","vite","alarms","alarms","false","warm","2","0",,"10","transaction","observed-reused","observed-first","19","2",,"602.917792","429","71",,,,,,,"true","true",,,,,"true","true",""
"main-vite-alarms-alarm-100-independent-b2-i0","vite","alarms","alarms","false","warm","2","0",,"100","independent","observed-reused","observed-first","102","1",,"723.324917","550","165",,,,,,,"true","true",,,,,"true","true",""
"main-vite-alarms-alarm-100-transaction-b2-i0","vite","alarms","alarms","false","warm","2","0",,"100","transaction","observed-reused","observed-first","27","1",,"568.398042","394","91",,,,,,,"true","true",,,,,"true","true",""
"main-alchemy-rpc-base-rpc-1-none-b2-i0","alchemy","rpc","rpc-base","false","warm","2","0",,"1",,"observed-reused","observed-reused","1","1","0","178.236042","2",,,,,,,,"true","true","true",,,,,,""
"main-alchemy-rpc-base-rpc-25-none-b2-i0","alchemy","rpc","rpc-base","false","warm","2","0",,"25",,"observed-reused","observed-reused","6","6","0","199.023375","23",,,,,,,,"true","true","true",,,,,,""
"main-alchemy-rpc-cached-rpc-1-none-b2-i0","alchemy","rpc","rpc-cached","false","warm","2","0",,"1",,"observed-reused","observed-reused","1","1","1","183.027417","4",,,,,,,,"true","true","true",,,,,,""
"main-alchemy-rpc-cached-rpc-25-none-b2-i0","alchemy","rpc","rpc-cached","false","warm","2","0",,"25",,"observed-reused","observed-reused","8","8","1","203.968333","26",,,,,,,,"true","true","true",,,,,,""
"main-alchemy-http-fresh-http-small-none-b2-i0","alchemy","http","http-fresh","false","warm","2","0","small",,,"observed-reused","unknown","1","1",,"241.893792","2",,,,,,,,"true","true",,"true",,,,,""
"main-alchemy-http-fresh-http-large-none-b2-i0","alchemy","http","http-fresh","false","warm","2","0","large",,,"observed-reused","unknown","36","36",,"243.013042","52",,,,,,,,"true","true",,"true",,,,,""
"main-alchemy-http-cached-http-small-none-b2-i0","alchemy","http","http-cached","false","warm","2","0","small",,,"observed-reused","unknown","1","1",,"179.728084","1",,,,,,,,"true","true",,"true",,,,,""
"main-alchemy-http-cached-http-large-none-b2-i0","alchemy","http","http-cached","false","warm","2","0","large",,,"observed-reused","unknown","43","43",,"339.686417","59",,,,,,,,"true","true",,"true",,,,,""
"main-alchemy-telemetry-all-0-telemetry-small-none-b2-i0","alchemy","telemetry","telemetry-all-0","false","warm","2","0","small",,,"observed-reused","unknown","12","12",,"275.892","19",,"4","6525","0","0","1","3","true","true",,,"true","true",,,""
"main-alchemy-telemetry-logs-traces-0-telemetry-small-none-b2-i0","alchemy","telemetry","telemetry-logs-traces-0","false","warm","2","0","small",,,"observed-reused","unknown","10","10",,"187.93625","15",,"2","5439","0","0","1","3","true","true",,,"true","true",,,""
"main-alchemy-telemetry-all-100-telemetry-small-none-b2-i0","alchemy","telemetry","telemetry-all-100","false","warm","2","0","small",,,"observed-reused","unknown","11","11",,"198.079458","19",,"4","49929","200","200","1","3","true","true",,,"true","true",,,""
"main-alchemy-telemetry-logs-traces-100-telemetry-small-none-b2-i0","alchemy","telemetry","telemetry-logs-traces-100","false","warm","2","0","small",,,"observed-reused","unknown","9","9",,"190.188625","17",,"2","5457","0","0","1","3","true","true",,,"true","true",,,""
"main-alchemy-alarms-alarm-1-independent-b2-i0","alchemy","alarms","alarms","false","warm","2","0",,"1","independent","observed-reused","observed-first","21","3",,"656.668083","481","67",,,,,,,"true","true",,,,,"true","true",""
"main-alchemy-alarms-alarm-1-transaction-b2-i0","alchemy","alarms","alarms","false","warm","2","0",,"1","transaction","observed-reused","observed-first","14","2",,"594.827833","415","59",,,,,,,"true","true",,,,,"true","true",""
"main-alchemy-alarms-alarm-10-independent-b2-i0","alchemy","alarms","alarms","false","warm","2","0",,"10","independent","observed-reused","observed-first","38","5",,"681.385875","501","77",,,,,,,"true","true",,,,,"true","true",""
"main-alchemy-alarms-alarm-10-transaction-b2-i0","alchemy","alarms","alarms","false","warm","2","0",,"10","transaction","observed-reused","observed-first","24","4",,"624.755458","449","61",,,,,,,"true","true",,,,,"true","true",""
"main-alchemy-alarms-alarm-100-independent-b2-i0","alchemy","alarms","alarms","false","warm","2","0",,"100","independent","observed-reused","observed-first","82","1",,"804.843625","630","140",,,,,,,"true","true",,,,,"true","true",""
"main-alchemy-alarms-alarm-100-transaction-b2-i0","alchemy","alarms","alarms","false","warm","2","0",,"100","transaction","observed-reused","observed-first","40","2",,"594.053541","419","89",,,,,,,"true","true",,,,,"true","true",""
"main-wrangler-rpc-base-rpc-1-none-b2-i0","wrangler","rpc","rpc-base","false","warm","2","0",,"1",,"observed-reused","observed-reused","1","1","0","174.128375","2",,,,,,,,"true","true","true",,,,,,""
"main-wrangler-rpc-base-rpc-25-none-b2-i0","wrangler","rpc","rpc-base","false","warm","2","0",,"25",,"observed-reused","observed-reused","9","9","1","202.312208","28",,,,,,,,"true","true","true",,,,,,""
"main-wrangler-rpc-cached-rpc-1-none-b2-i0","wrangler","rpc","rpc-cached","false","warm","2","0",,"1",,"observed-reused","observed-reused","1","1","1","179.719083","3",,,,,,,,"true","true","true",,,,,,""
"main-wrangler-rpc-cached-rpc-25-none-b2-i0","wrangler","rpc","rpc-cached","false","warm","2","0",,"25",,"observed-reused","observed-reused","7","7","2","262.277","28",,,,,,,,"true","true","true",,,,,,""
"main-wrangler-http-fresh-http-small-none-b2-i0","wrangler","http","http-fresh","false","warm","2","0","small",,,"observed-reused","unknown","2","2",,"183.513375","3",,,,,,,,"true","true",,"true",,,,,""
"main-wrangler-http-fresh-http-large-none-b2-i0","wrangler","http","http-fresh","false","warm","2","0","large",,,"observed-reused","unknown","42","42",,"338.840333","58",,,,,,,,"true","true",,"true",,,,,""
"main-wrangler-http-cached-http-small-none-b2-i0","wrangler","http","http-cached","false","warm","2","0","small",,,"observed-reused","unknown","2","2",,"183.428583","3",,,,,,,,"true","true",,"true",,,,,""
"main-wrangler-http-cached-http-large-none-b2-i0","wrangler","http","http-cached","false","warm","2","0","large",,,"observed-reused","unknown","60","60",,"341.556875","79",,,,,,,,"true","true",,"true",,,,,""
"main-wrangler-telemetry-all-0-telemetry-small-none-b2-i0","wrangler","telemetry","telemetry-all-0","false","warm","2","0","small",,,"observed-reused","unknown","12","12",,"198.045667","19",,"4","6534","0","0","1","3","true","true",,,"true","true",,,""
"main-wrangler-telemetry-logs-traces-0-telemetry-small-none-b2-i0","wrangler","telemetry","telemetry-logs-traces-0","false","warm","2","0","small",,,"observed-reused","unknown","12","12",,"188.716792","18",,"2","5446","0","0","1","3","true","true",,,"true","true",,,""
"main-wrangler-telemetry-all-100-telemetry-small-none-b2-i0","wrangler","telemetry","telemetry-all-100","false","warm","2","0","small",,,"observed-reused","unknown","36","36",,"223.754375","46",,"4","49938","200","200","1","3","true","true",,,"true","true",,,""
"main-wrangler-telemetry-logs-traces-100-telemetry-small-none-b2-i0","wrangler","telemetry","telemetry-logs-traces-100","false","warm","2","0","small",,,"observed-first","unknown","64","64",,"800.261417","169",,"2","5460","0","0","1","3","true","true",,,"true","true",,,""
"main-wrangler-alarms-alarm-1-independent-b2-i0","wrangler","alarms","alarms","false","warm","2","0",,"1","independent","observed-first","observed-first","37","25",,"1008.972208","718","102",,,,,,,"true","true",,,,,"true","true",""
"main-wrangler-alarms-alarm-1-transaction-b2-i0","wrangler","alarms","alarms","false","warm","2","0",,"1","transaction","observed-reused","observed-reused","7","3",,"606.480459","430","112",,,,,,,"true","true",,,,,"true","true",""
"main-wrangler-alarms-alarm-10-independent-b2-i0","wrangler","alarms","alarms","false","warm","2","0",,"10","independent","observed-reused","observed-first","24","4",,"629.79775","453","79",,,,,,,"true","true",,,,,"true","true",""
"main-wrangler-alarms-alarm-10-transaction-b2-i0","wrangler","alarms","alarms","false","warm","2","0",,"10","transaction","observed-reused","observed-first","30","3",,"1318.452167","556","99",,,,,,,"true","true",,,,,"true","true",""
"main-wrangler-alarms-alarm-100-independent-b2-i0","wrangler","alarms","alarms","false","warm","2","0",,"100","independent","observed-reused","observed-first","171","2",,"1043.124584","790","285",,,,,,,"true","true",,,,,"true","true",""
"main-wrangler-alarms-alarm-100-transaction-b2-i0","wrangler","alarms","alarms","false","warm","2","0",,"100","transaction","observed-reused","observed-first","58","2",,"724.933917","547","132",,,,,,,"true","true",,,,,"true","true",""
"main-vite-rpc-base-rpc-1-none-b2-i0","vite","rpc","rpc-base","false","warm","2","0",,"1",,"observed-first","observed-first","18","18","3","270.841667","25",,,,,,,,"true","true","true",,,,,,""
"main-vite-rpc-base-rpc-25-none-b2-i0","vite","rpc","rpc-base","false","warm","2","0",,"25",,"observed-reused","observed-reused","18","18","13","240.771208","62",,,,,,,,"true","true","true",,,,,,""
"main-vite-rpc-base-aa-rpc-1-none-b2-i0","vite","rpc","rpc-base-aa","true","warm","2","0",,"1",,"observed-first","observed-first","22","22","4","305.323875","30",,,,,,,,"true","true","true",,,,,,""
"main-vite-rpc-base-aa-rpc-25-none-b2-i0","vite","rpc","rpc-base-aa","true","warm","2","0",,"25",,"observed-reused","observed-reused","19","19","13","322.710667","60",,,,,,,,"true","true","true",,,,,,""
"main-vite-rpc-cached-rpc-1-none-b2-i0","vite","rpc","rpc-cached","false","warm","2","0",,"1",,"observed-first","observed-first","21","21","4","291.372417","28",,,,,,,,"true","true","true",,,,,,""
"main-vite-rpc-cached-rpc-25-none-b2-i0","vite","rpc","rpc-cached","false","warm","2","0",,"25",,"observed-reused","observed-reused","11","11","8","222.0785","42",,,,,,,,"true","true","true",,,,,,""
"main-vite-http-fresh-http-small-none-b2-i0","vite","http","http-fresh","false","warm","2","0","small",,,"observed-first","unknown","19","19",,"302.658458","19",,,,,,,,"true","true",,"true",,,,,""
"main-vite-http-fresh-http-large-none-b2-i0","vite","http","http-fresh","false","warm","2","0","large",,,"observed-reused","unknown","60","60",,"1137.657375","94",,,,,,,,"true","true",,"true",,,,,""
"main-vite-http-fresh-aa-http-small-none-b2-i0","vite","http","http-fresh-aa","true","warm","2","0","small",,,"observed-first","unknown","31","31",,"322.178167","33",,,,,,,,"true","true",,"true",,,,,""
"main-vite-http-fresh-aa-http-large-none-b2-i0","vite","http","http-fresh-aa","true","warm","2","0","large",,,"observed-reused","unknown","94","94",,"494.76325","131",,,,,,,,"true","true",,"true",,,,,""
"main-vite-alarms-alarm-100-independent-b2-i1","vite","alarms","alarms","false","warm","2","1",,"100","independent","observed-first","observed-first","97","18",,"906.43775","638","180",,,,,,,"true","true",,,,,"true","true",""
"main-vite-alarms-alarm-10-transaction-b2-i1","vite","alarms","alarms","false","warm","2","1",,"10","transaction","observed-reused","observed-first","34","3",,"715.478833","536","93",,,,,,,"true","true",,,,,"true","true",""
"main-vite-alarms-alarm-10-independent-b2-i1","vite","alarms","alarms","false","warm","2","1",,"10","independent","observed-reused","observed-first","37","4",,"788.094292","608","98",,,,,,,"true","true",,,,,"true","true",""
"main-vite-alarms-alarm-1-transaction-b2-i1","vite","alarms","alarms","false","warm","2","1",,"1","transaction","observed-reused","observed-first","26","3",,"744.72475","568","88",,,,,,,"true","true",,,,,"true","true",""
"main-vite-alarms-alarm-1-independent-b2-i1","vite","alarms","alarms","false","warm","2","1",,"1","independent","observed-reused","observed-first","20","2",,"828.392709","590","75",,,,,,,"true","true",,,,,"true","true",""
"main-vite-telemetry-logs-traces-100-telemetry-small-none-b2-i1","vite","telemetry","telemetry-logs-traces-100","false","warm","2","1","small",,,"observed-first","unknown","58","58",,"323.5545","68",,"2","5432","0","0","1","3","true","true",,,"true","true",,,""
"main-vite-telemetry-all-100-telemetry-small-none-b2-i1","vite","telemetry","telemetry-all-100","false","warm","2","1","small",,,"observed-first","unknown","86","86",,"407.265958","127",,"4","49898","200","200","1","3","true","true",,,"true","true",,,""
"main-vite-telemetry-logs-traces-0-telemetry-small-none-b2-i1","vite","telemetry","telemetry-logs-traces-0","false","warm","2","1","small",,,"observed-first","unknown","32","32",,"281.055625","41",,"2","5414","0","0","1","3","true","true",,,"true","true",,,""
"main-vite-telemetry-all-0-telemetry-small-none-b2-i1","vite","telemetry","telemetry-all-0","false","warm","2","1","small",,,"observed-first","unknown","49","49",,"316.261041","58",,"4","6494","0","0","1","3","true","true",,,"true","true",,,""
"main-vite-http-cached-http-large-none-b2-i1","vite","http","http-cached","false","warm","2","1","large",,,"observed-first","unknown","129","129",,"443.203375","154",,,,,,,,"true","true",,"true",,,,,""
"main-vite-http-cached-http-small-none-b2-i1","vite","http","http-cached","false","warm","2","1","small",,,"observed-reused","unknown","5","5",,"186.892208","5",,,,,,,,"true","true",,"true",,,,,""
"main-vite-http-fresh-aa-http-large-none-b2-i1","vite","http","http-fresh-aa","true","warm","2","1","large",,,"observed-reused","unknown","76","76",,"308.927291","108",,,,,,,,"true","true",,"true",,,,,""
"main-vite-http-fresh-aa-http-small-none-b2-i1","vite","http","http-fresh-aa","true","warm","2","1","small",,,"observed-reused","unknown","4","4",,"184.715416","5",,,,,,,,"true","true",,"true",,,,,""
"main-vite-http-fresh-http-large-none-b2-i1","vite","http","http-fresh","false","warm","2","1","large",,,"observed-reused","unknown","40","40",,"271.889709","61",,,,,,,,"true","true",,"true",,,,,""
"main-vite-http-fresh-http-small-none-b2-i1","vite","http","http-fresh","false","warm","2","1","small",,,"observed-reused","unknown","3","3",,"182.752167","3",,,,,,,,"true","true",,"true",,,,,""
"main-vite-rpc-cached-rpc-25-none-b2-i1","vite","rpc","rpc-cached","false","warm","2","1",,"25",,"observed-reused","observed-reused","11","11","3","214.942375","37",,,,,,,,"true","true","true",,,,,,""
"main-vite-rpc-cached-rpc-1-none-b2-i1","vite","rpc","rpc-cached","false","warm","2","1",,"1",,"observed-reused","observed-reused","2","2","0","183.278917","4",,,,,,,,"true","true","true",,,,,,""
"main-vite-rpc-base-aa-rpc-25-none-b2-i1","vite","rpc","rpc-base-aa","true","warm","2","1",,"25",,"observed-reused","observed-reused","22","22","13","255.383541","70",,,,,,,,"true","true","true",,,,,,""
"main-vite-rpc-base-aa-rpc-1-none-b2-i1","vite","rpc","rpc-base-aa","true","warm","2","1",,"1",,"observed-reused","observed-reused","3","3","1","191.736667","6",,,,,,,,"true","true","true",,,,,,""
"main-vite-rpc-base-rpc-25-none-b2-i1","vite","rpc","rpc-base","false","warm","2","1",,"25",,"unknown","observed-reused",,,,"222.31425",,,,,,,,,"true","false","false",,,,,,"missing-marker|invocation-evidence|invocation-evidence|invocation-evidence|target-count|response-context|rpc-count-verification"
"main-vite-rpc-base-rpc-1-none-b2-i1","vite","rpc","rpc-base","false","warm","2","1",,"1",,"observed-reused","observed-reused","3","3","1","185.045084","6",,,,,,,,"true","true","true",,,,,,""
"main-wrangler-alarms-alarm-100-transaction-b2-i1","wrangler","alarms","alarms","false","warm","2","1",,"100","transaction","observed-reused","observed-first","74","1",,"849.26075","670","145",,,,,,,"true","true",,,,,"true","true",""
"main-wrangler-alarms-alarm-100-independent-b2-i1","wrangler","alarms","alarms","false","warm","2","1",,"100","independent","observed-reused","observed-first","121","3",,"874.006","696","202",,,,,,,"true","true",,,,,"true","true",""
"main-wrangler-alarms-alarm-10-transaction-b2-i1","wrangler","alarms","alarms","false","warm","2","1",,"10","transaction","observed-reused","observed-first","32","2",,"849.083291","669","100",,,,,,,"true","true",,,,,"true","true",""
"main-wrangler-alarms-alarm-10-independent-b2-i1","wrangler","alarms","alarms","false","warm","2","1",,"10","independent","observed-reused","observed-first","40","3",,"674.118416","487","95",,,,,,,"true","true",,,,,"true","true",""
"main-wrangler-alarms-alarm-1-transaction-b2-i1","wrangler","alarms","alarms","false","warm","2","1",,"1","transaction","observed-reused","observed-first","12","3",,"603.730083","425","76",,,,,,,"true","true",,,,,"true","true",""
"main-wrangler-alarms-alarm-1-independent-b2-i1","wrangler","alarms","alarms","false","warm","2","1",,"1","independent","observed-reused","observed-first","17","3",,"598.263916","422","72",,,,,,,"true","true",,,,,"true","true",""
"main-wrangler-telemetry-logs-traces-100-telemetry-small-none-b2-i1","wrangler","telemetry","telemetry-logs-traces-100","false","warm","2","1","small",,,"observed-reused","unknown","15","15",,"241.277666","23",,"2","5462","0","0","1","3","true","true",,,"true","true",,,""
"main-wrangler-telemetry-all-100-telemetry-small-none-b2-i1","wrangler","telemetry","telemetry-all-100","false","warm","2","1","small",,,"observed-first","unknown","75","75",,"372.495625","92",,"4","49934","200","200","1","3","true","true",,,"true","true",,,""
"main-wrangler-telemetry-logs-traces-0-telemetry-small-none-b2-i1","wrangler","telemetry","telemetry-logs-traces-0","false","warm","2","1","small",,,"observed-first","unknown","65","65",,"353.394167","77",,"2","5442","0","0","1","3","true","true",,,"true","true",,,""
"main-wrangler-telemetry-all-0-telemetry-small-none-b2-i1","wrangler","telemetry","telemetry-all-0","false","warm","2","1","small",,,"observed-first","unknown","81","81",,"376.022333","93",,"4","6530","0","0","1","3","true","true",,,"true","true",,,""
"main-wrangler-http-cached-http-large-none-b2-i1","wrangler","http","http-cached","false","warm","2","1","large",,,"observed-first","unknown","134","134",,"472.99675","172",,,,,,,,"true","true",,"true",,,,,""
"main-wrangler-http-cached-http-small-none-b2-i1","wrangler","http","http-cached","false","warm","2","1","small",,,"observed-reused","unknown","5","5",,"185.814083","6",,,,,,,,"true","true",,"true",,,,,""
"main-wrangler-http-fresh-http-large-none-b2-i1","wrangler","http","http-fresh","false","warm","2","1","large",,,"observed-first","unknown","76","76",,"379.017292","112",,,,,,,,"true","true",,"true",,,,,""
"main-wrangler-http-fresh-http-small-none-b2-i1","wrangler","http","http-fresh","false","warm","2","1","small",,,"observed-reused","unknown","4","4",,"181.246292","4",,,,,,,,"true","true",,"true",,,,,""
"main-wrangler-rpc-cached-rpc-25-none-b2-i1","wrangler","rpc","rpc-cached","false","warm","2","1",,"25",,"observed-first","mixed-first-and-reused","32","32","15","345.563959","72",,,,,,,,"true","true","true",,,,,,""
"main-wrangler-rpc-cached-rpc-1-none-b2-i1","wrangler","rpc","rpc-cached","false","warm","2","1",,"1",,"observed-reused","observed-reused","3","3","1","183.595667","5",,,,,,,,"true","true","true",,,,,,""
"main-wrangler-rpc-base-rpc-25-none-b2-i1","wrangler","rpc","rpc-base","false","warm","2","1",,"25",,"observed-first","mixed-first-and-reused","32","32","16","376.674541","72",,,,,,,,"true","true","true",,,,,,""
"main-wrangler-rpc-base-rpc-1-none-b2-i1","wrangler","rpc","rpc-base","false","warm","2","1",,"1",,"observed-reused","observed-reused","3","3","0","180.311416","4",,,,,,,,"true","true","true",,,,,,""
"main-alchemy-alarms-alarm-100-transaction-b2-i1","alchemy","alarms","alarms","false","warm","2","1",,"100","transaction","observed-first","observed-first","47","24",,"935.615125","647","137",,,,,,,"true","true",,,,,"true","true",""
"main-alchemy-alarms-alarm-100-independent-b2-i1","alchemy","alarms","alarms","false","warm","2","1",,"100","independent","observed-reused","observed-first","110","3",,"759.570542","578","178",,,,,,,"true","true",,,,,"true","true",""
"main-alchemy-alarms-alarm-10-transaction-b2-i1","alchemy","alarms","alarms","false","warm","2","1",,"10","transaction","observed-reused","observed-first","28","3",,"626.69375","452","95",,,,,,,"true","true",,,,,"true","true",""
"main-alchemy-alarms-alarm-10-independent-b2-i1","alchemy","alarms","alarms","false","warm","2","1",,"10","independent","observed-reused","observed-first","46","5",,"808.211292","586","108",,,,,,,"true","true",,,,,"true","true",""
"main-alchemy-alarms-alarm-1-transaction-b2-i1","alchemy","alarms","alarms","false","warm","2","1",,"1","transaction","observed-reused","observed-first","30","4",,"933.14425","754","170",,,,,,,"true","true",,,,,"true","true",""
"main-alchemy-alarms-alarm-1-independent-b2-i1","alchemy","alarms","alarms","false","warm","2","1",,"1","independent","observed-reused","observed-first","12","2",,"714.863375","499","67",,,,,,,"true","true",,,,,"true","true",""
"main-alchemy-telemetry-logs-traces-100-telemetry-small-none-b2-i1","alchemy","telemetry","telemetry-logs-traces-100","false","warm","2","1","small",,,"observed-first","unknown","83","83",,"404.661667","93",,"2","5453","0","0","1","3","true","true",,,"true","true",,,""
"main-alchemy-telemetry-all-100-telemetry-small-none-b2-i1","alchemy","telemetry","telemetry-all-100","false","warm","2","1","small",,,"observed-first","unknown","98","98",,"439.205833","113",,"4","49925","200","200","1","3","true","true",,,"true","true",,,""
"main-alchemy-telemetry-logs-traces-0-telemetry-small-none-b2-i1","alchemy","telemetry","telemetry-logs-traces-0","false","warm","2","1","small",,,"observed-first","unknown","39","39",,"323.324708","48",,"2","5435","0","0","1","3","true","true",,,"true","true",,,""
"main-alchemy-telemetry-all-0-telemetry-small-none-b2-i1","alchemy","telemetry","telemetry-all-0","false","warm","2","1","small",,,"observed-first","unknown","76","76",,"381.263042","88",,"4","6521","0","0","1","3","true","true",,,"true","true",,,""
"main-alchemy-http-cached-http-large-none-b2-i1","alchemy","http","http-cached","false","warm","2","1","large",,,"observed-first","unknown","109","109",,"442.125417","134",,,,,,,,"true","true",,"true",,,,,""
"main-alchemy-http-cached-http-small-none-b2-i1","alchemy","http","http-cached","false","warm","2","1","small",,,"observed-reused","unknown","6","6",,"225.349333","7",,,,,,,,"true","true",,"true",,,,,""
"main-alchemy-http-fresh-http-large-none-b2-i1","alchemy","http","http-fresh","false","warm","2","1","large",,,"observed-first","unknown","71","71",,"338.921542","91",,,,,,,,"true","true",,"true",,,,,""
"main-alchemy-http-fresh-http-small-none-b2-i1","alchemy","http","http-fresh","false","warm","2","1","small",,,"observed-reused","unknown","3","3",,"184.060667","4",,,,,,,,"true","true",,"true",,,,,""
"main-alchemy-rpc-cached-rpc-25-none-b2-i1","alchemy","rpc","rpc-cached","false","warm","2","1",,"25",,"observed-first","mixed-first-and-reused","29","29","8","339.139084","63",,,,,,,,"true","true","true",,,,,,""
"main-alchemy-rpc-cached-rpc-1-none-b2-i1","alchemy","rpc","rpc-cached","false","warm","2","1",,"1",,"observed-reused","observed-reused","2","2","0","184.607375","4",,,,,,,,"true","true","true",,,,,,""
"main-alchemy-rpc-base-rpc-25-none-b2-i1","alchemy","rpc","rpc-base","false","warm","2","1",,"25",,"observed-first","mixed-first-and-reused","31","31","13","348.015416","72",,,,,,,,"true","true","true",,,,,,""
"main-alchemy-rpc-base-rpc-1-none-b2-i1","alchemy","rpc","rpc-base","false","warm","2","1",,"1",,"observed-reused","observed-reused","4","4","1","183.027709","6",,,,,,,,"true","true","true",,,,,,""
"main-vite-alarms-alarm-100-transaction-b2-i1","vite","alarms","alarms","false","warm","2","1",,"100","transaction","observed-reused","observed-first","51","1",,"675.988958","499","124",,,,,,,"true","true",,,,,"true","true",""
"main-alchemy-telemetry-all-100-telemetry-small-none-b2-i2","alchemy","telemetry","telemetry-all-100","false","warm","2","2","small",,,"observed-reused","unknown","26","26",,"215.143708","38",,"4","49927","200","200","1","3","true","true",,,"true","true",,,""
"main-alchemy-telemetry-logs-traces-100-telemetry-small-none-b2-i2","alchemy","telemetry","telemetry-logs-traces-100","false","warm","2","2","small",,,"observed-reused","unknown","15","15",,"256.410375","20",,"2","5455","0","0","1","3","true","true",,,"true","true",,,""
"main-alchemy-alarms-alarm-1-independent-b2-i2","alchemy","alarms","alarms","false","warm","2","2",,"1","independent","observed-reused","observed-first","28","1",,"810.453625","630","106",,,,,,,"true","true",,,,,"true","true",""
"main-alchemy-alarms-alarm-1-transaction-b2-i2","alchemy","alarms","alarms","false","warm","2","2",,"1","transaction","observed-reused","observed-first","37","2",,"857.796167","679","104",,,,,,,"true","true",,,,,"true","true",""
"main-alchemy-alarms-alarm-10-independent-b2-i2","alchemy","alarms","alarms","false","warm","2","2",,"10","independent","observed-reused","observed-first","43","1",,"688.386333","510","105",,,,,,,"true","true",,,,,"true","true",""
"main-alchemy-alarms-alarm-10-transaction-b2-i2","alchemy","alarms","alarms","false","warm","2","2",,"10","transaction","observed-reused","observed-first","26","2",,"731.966083","543","81",,,,,,,"true","true",,,,,"true","true",""
"main-alchemy-alarms-alarm-100-independent-b2-i2","alchemy","alarms","alarms","false","warm","2","2",,"100","independent","observed-reused","observed-first","143","3",,"1363.672166","688","220",,,,,,,"true","true",,,,,"true","true",""
"main-alchemy-alarms-alarm-100-transaction-b2-i2","alchemy","alarms","alarms","false","warm","2","2",,"100","transaction","observed-reused","observed-first","44",,,"788.30075",,"118",,,,,,,"true","true",,,,,"true","true","invocation-evidence"
"main-wrangler-rpc-base-rpc-1-none-b2-i2","wrangler","rpc","rpc-base","false","warm","2","2",,"1",,"observed-reused","observed-reused","3","3","1","237.785375","5",,,,,,,,"true","true","true",,,,,,""
"main-wrangler-rpc-base-rpc-25-none-b2-i2","wrangler","rpc","rpc-base","false","warm","2","2",,"25",,"unknown","observed-reused",,,,"230.810875",,,,,,,,,"true","false","false",,,,,,"missing-marker|target-count|response-context|rpc-count-verification"
"main-wrangler-rpc-cached-rpc-1-none-b2-i2","wrangler","rpc","rpc-cached","false","warm","2","2",,"1",,"observed-reused","observed-reused","1","1","0","183.163667","3",,,,,,,,"true","true","true",,,,,,""
"main-wrangler-rpc-cached-rpc-25-none-b2-i2","wrangler","rpc","rpc-cached","false","warm","2","2",,"25",,"observed-reused","observed-reused","9","9","2","214.268833","35",,,,,,,,"true","true","true",,,,,,""
"main-wrangler-http-fresh-http-small-none-b2-i2","wrangler","http","http-fresh","false","warm","2","2","small",,,"observed-reused","unknown","3","3",,"185.637625","3",,,,,,,,"true","true",,"true",,,,,""
"main-wrangler-http-fresh-http-large-none-b2-i2","wrangler","http","http-fresh","false","warm","2","2","large",,,"observed-reused","unknown","41","41",,"1334.887","57",,,,,,,,"true","true",,"true",,,,,""
"main-wrangler-http-cached-http-small-none-b2-i2","wrangler","http","http-cached","false","warm","2","2","small",,,"observed-reused","unknown","3","3",,"184.821833","4",,,,,,,,"true","true",,"true",,,,,""
"main-wrangler-http-cached-http-large-none-b2-i2","wrangler","http","http-cached","false","warm","2","2","large",,,"observed-reused","unknown","91","91",,"487.964917","115",,,,,,,,"true","true",,"true",,,,,""
"main-wrangler-telemetry-all-0-telemetry-small-none-b2-i2","wrangler","telemetry","telemetry-all-0","false","warm","2","2","small",,,"observed-reused","unknown","21","21",,"210.405375","31",,"4","6532","0","0","1","3","true","true",,,"true","true",,,""
"main-wrangler-telemetry-logs-traces-0-telemetry-small-none-b2-i2","wrangler","telemetry","telemetry-logs-traces-0","false","warm","2","2","small",,,"observed-reused","unknown","19","19",,"203.914208","27",,"2","5444","0","0","1","3","true","true",,,"true","true",,,""
"main-wrangler-telemetry-all-100-telemetry-small-none-b2-i2","wrangler","telemetry","telemetry-all-100","false","warm","2","2","small",,,"observed-reused","unknown","37","37",,"230.557417","54",,"4","49936","200","200","1","3","true","true",,,"true","true",,,""
"main-wrangler-telemetry-logs-traces-100-telemetry-small-none-b2-i2","wrangler","telemetry","telemetry-logs-traces-100","false","warm","2","2","small",,,"observed-reused","unknown","23","23",,"205.706042","31",,"2","5462","0","0","1","3","true","true",,,"true","true",,,""
"main-wrangler-alarms-alarm-1-independent-b2-i2","wrangler","alarms","alarms","false","warm","2","2",,"1","independent","observed-reused","observed-first","32","2",,"791.363042","614","110",,,,,,,"true","true",,,,,"true","true",""
"main-wrangler-alarms-alarm-1-transaction-b2-i2","wrangler","alarms","alarms","false","warm","2","2",,"1","transaction","observed-reused","observed-first","15","2",,"603.016209","421","67",,,,,,,"true","true",,,,,"true","true",""
"main-wrangler-alarms-alarm-10-independent-b2-i2","wrangler","alarms","alarms","false","warm","2","2",,"10","independent","observed-reused","observed-first","61","2",,"831.836792","647","132",,,,,,,"true","true",,,,,"true","true",""
"main-wrangler-alarms-alarm-10-transaction-b2-i2","wrangler","alarms","alarms","false","warm","2","2",,"10","transaction","observed-reused","observed-first","44","1",,"863.680791","681","126",,,,,,,"true","true",,,,,"true","true",""
"main-wrangler-alarms-alarm-100-independent-b2-i2","wrangler","alarms","alarms","false","warm","2","2",,"100","independent","observed-reused","observed-first","186","2",,"923.280708","737","291",,,,,,,"true","true",,,,,"true","true",""
"main-wrangler-alarms-alarm-100-transaction-b2-i2","wrangler","alarms","alarms","false","warm","2","2",,"100","transaction","observed-reused","observed-first","44","3",,"677.233125","497","113",,,,,,,"true","true",,,,,"true","true",""
"main-vite-rpc-base-rpc-1-none-b2-i2","vite","rpc","rpc-base","false","warm","2","2",,"1",,"observed-reused","observed-reused","2","2","0","192.358334","4",,,,,,,,"true","true","true",,,,,,""
"main-vite-rpc-base-rpc-25-none-b2-i2","vite","rpc","rpc-base","false","warm","2","2",,"25",,"observed-reused","observed-reused","13","13","6","228.86075","47",,,,,,,,"true","true","true",,,,,,""
"main-vite-rpc-base-aa-rpc-1-none-b2-i2","vite","rpc","rpc-base-aa","true","warm","2","2",,"1",,"observed-reused","observed-reused","3","3","0","203.884625","6",,,,,,,,"true","true","true",,,,,,""
"main-vite-rpc-base-aa-rpc-25-none-b2-i2","vite","rpc","rpc-base-aa","true","warm","2","2",,"25",,"observed-reused","observed-reused","11","11","8","226.473917","40",,,,,,,,"true","true","true",,,,,,""
"main-vite-rpc-cached-rpc-1-none-b2-i2","vite","rpc","rpc-cached","false","warm","2","2",,"1",,"observed-reused","observed-reused","1","1","0","204.379458","3",,,,,,,,"true","true","true",,,,,,""
"main-vite-rpc-cached-rpc-25-none-b2-i2","vite","rpc","rpc-cached","false","warm","2","2",,"25",,"observed-reused","observed-reused","14","14","12","237.828584","57",,,,,,,,"true","true","true",,,,,,""
"main-vite-http-fresh-http-small-none-b2-i2","vite","http","http-fresh","false","warm","2","2","small",,,"observed-reused","unknown","2","2",,"181.871916","2",,,,,,,,"true","true",,"true",,,,,""
"main-vite-http-fresh-http-large-none-b2-i2","vite","http","http-fresh","false","warm","2","2","large",,,"observed-reused","unknown","27","27",,"398.51675","45",,,,,,,,"true","true",,"true",,,,,""
"main-vite-http-fresh-aa-http-small-none-b2-i2","vite","http","http-fresh-aa","true","warm","2","2","small",,,"observed-reused","unknown","4","4",,"191.493334","4",,,,,,,,"true","true",,"true",,,,,""
"main-vite-http-fresh-aa-http-large-none-b2-i2","vite","http","http-fresh-aa","true","warm","2","2","large",,,"observed-reused","unknown","66","66",,"317.524792","97",,,,,,,,"true","true",,"true",,,,,""
"main-vite-http-cached-http-small-none-b2-i2","vite","http","http-cached","false","warm","2","2","small",,,"observed-reused","unknown","3","3",,"182.833083","3",,,,,,,,"true","true",,"true",,,,,""
"main-vite-http-cached-http-large-none-b2-i2","vite","http","http-cached","false","warm","2","2","large",,,"observed-reused","unknown","62","62",,"333.58325","85",,,,,,,,"true","true",,"true",,,,,""
"main-vite-telemetry-all-0-telemetry-small-none-b2-i2","vite","telemetry","telemetry-all-0","false","warm","2","2","small",,,"observed-reused","unknown","18","18",,"208.826917","29",,"4","6496","0","0","1","3","true","true",,,"true","true",,,""
"main-vite-telemetry-logs-traces-0-telemetry-small-none-b2-i2","vite","telemetry","telemetry-logs-traces-0","false","warm","2","2","small",,,"observed-reused","unknown","11","11",,"860.529459","16",,"2","5416","0","0","1","3","true","true",,,"true","true",,,""
"main-vite-telemetry-all-100-telemetry-small-none-b2-i2","vite","telemetry","telemetry-all-100","false","warm","2","2","small",,,"observed-reused","unknown","34","34",,"221.435708","47",,"4","49900","200","200","1","3","true","true",,,"true","true",,,""
"main-vite-telemetry-logs-traces-100-telemetry-small-none-b2-i2","vite","telemetry","telemetry-logs-traces-100","false","warm","2","2","small",,,"observed-reused","unknown","17","17",,"209.635542","22",,"2","5434","0","0","1","3","true","true",,,"true","true",,,""
"main-vite-alarms-alarm-1-independent-b2-i2","vite","alarms","alarms","false","warm","2","2",,"1","independent","observed-reused","observed-first","12","2",,"710.24725","524","64",,,,,,,"true","true",,,,,"true","true",""
"main-vite-alarms-alarm-1-transaction-b2-i2","vite","alarms","alarms","false","warm","2","2",,"1","transaction","observed-reused","observed-first","37","2",,"639.501083","461","95",,,,,,,"true","true",,,,,"true","true",""
"main-vite-alarms-alarm-10-independent-b2-i2","vite","alarms","alarms","false","warm","2","2",,"10","independent","observed-reused","observed-first","25","2",,"709.674459","523","101",,,,,,,"true","true",,,,,"true","true",""
"main-vite-alarms-alarm-10-transaction-b2-i2","vite","alarms","alarms","false","warm","2","2",,"10","transaction","observed-reused","observed-first","18","2",,"694.690042","514","129",,,,,,,"true","true",,,,,"true","true",""
"main-vite-alarms-alarm-100-independent-b2-i2","vite","alarms","alarms","false","warm","2","2",,"100","independent","observed-reused","observed-first","150","3",,"834.768208","659","230",,,,,,,"true","true",,,,,"true","true",""
"main-vite-alarms-alarm-100-transaction-b2-i2","vite","alarms","alarms","false","warm","2","2",,"100","transaction","observed-reused","observed-first","43","2",,"738.033083","559","108",,,,,,,"true","true",,,,,"true","true",""
"main-alchemy-rpc-base-rpc-1-none-b2-i2","alchemy","rpc","rpc-base","false","warm","2","2",,"1",,"observed-reused","observed-reused","2","2","1","185.033917","4",,,,,,,,"true","true","true",,,,,,""
"main-alchemy-rpc-base-rpc-25-none-b2-i2","alchemy","rpc","rpc-base","false","warm","2","2",,"25",,"observed-reused","observed-reused","12","12","10","232.604041","51",,,,,,,,"true","true","true",,,,,,""
"main-alchemy-rpc-cached-rpc-1-none-b2-i2","alchemy","rpc","rpc-cached","false","warm","2","2",,"1",,"observed-reused","observed-reused","2","2","0","181.786333","4",,,,,,,,"true","true","true",,,,,,""
"main-alchemy-rpc-cached-rpc-25-none-b2-i2","alchemy","rpc","rpc-cached","false","warm","2","2",,"25",,"observed-reused","observed-reused","11","11","6","228.723167","42",,,,,,,,"true","true","true",,,,,,""
"main-alchemy-http-fresh-http-small-none-b2-i2","alchemy","http","http-fresh","false","warm","2","2","small",,,"observed-reused","unknown","2","2",,"1650.216833","2",,,,,,,,"true","true",,"true",,,,,""
"main-alchemy-http-fresh-http-large-none-b2-i2","alchemy","http","http-fresh","false","warm","2","2","large",,,"observed-reused","unknown","41","41",,"1482.067459","60",,,,,,,,"true","true",,"true",,,,,""
"main-alchemy-http-cached-http-small-none-b2-i2","alchemy","http","http-cached","false","warm","2","2","small",,,"observed-reused","unknown","3","3",,"182.232792","3",,,,,,,,"true","true",,"true",,,,,""
"main-alchemy-http-cached-http-large-none-b2-i2","alchemy","http","http-cached","false","warm","2","2","large",,,"observed-reused","unknown","82","82",,"468.353459","104",,,,,,,,"true","true",,"true",,,,,""
"main-alchemy-telemetry-all-0-telemetry-small-none-b2-i2","alchemy","telemetry","telemetry-all-0","false","warm","2","2","small",,,"observed-reused","unknown","31","31",,"233.148334","44",,"4","6523","0","0","1","3","true","true",,,"true","true",,,""
"main-alchemy-telemetry-logs-traces-0-telemetry-small-none-b2-i2","alchemy","telemetry","telemetry-logs-traces-0","false","warm","2","2","small",,,"observed-reused","unknown","10","10",,"196.852459","16",,"2","5437","0","0","1","3","true","true",,,"true","true",,,""
"main-wrangler-rpc-cached-rpc-1-none-b2-i3","wrangler","rpc","rpc-cached","false","warm","2","3",,"1",,"observed-reused","observed-reused","1","1","0","182.604833","3",,,,,,,,"true","true","true",,,,,,""
"main-wrangler-rpc-base-rpc-25-none-b2-i3","wrangler","rpc","rpc-base","false","warm","2","3",,"25",,"observed-reused","observed-reused","11","11","2","298.433375","37",,,,,,,,"true","true","true",,,,,,""
"main-wrangler-rpc-base-rpc-1-none-b2-i3","wrangler","rpc","rpc-base","false","warm","2","3",,"1",,"observed-reused","observed-reused","4","4","0","184.012917","5",,,,,,,,"true","true","true",,,,,,""
"main-alchemy-alarms-alarm-100-transaction-b2-i3","alchemy","alarms","alarms","false","warm","2","3",,"100","transaction","observed-reused","observed-first","42","2",,"756.708667","578","105",,,,,,,"true","true",,,,,"true","true",""
"main-alchemy-alarms-alarm-100-independent-b2-i3","alchemy","alarms","alarms","false","warm","2","3",,"100","independent","observed-reused","observed-reused","120","2",,"798.994292","623","227",,,,,,,"true","true",,,,,"true","true",""
"main-alchemy-alarms-alarm-10-transaction-b2-i3","alchemy","alarms","alarms","false","warm","2","3",,"10","transaction","observed-reused","observed-first","50","2",,"785.314333","607","117",,,,,,,"true","true",,,,,"true","true",""
"main-alchemy-alarms-alarm-10-independent-b2-i3","alchemy","alarms","alarms","false","warm","2","3",,"10","independent","observed-reused","observed-first","38","2",,"816.848459","637","115",,,,,,,"true","true",,,,,"true","true",""
"main-alchemy-alarms-alarm-1-transaction-b2-i3","alchemy","alarms","alarms","false","warm","2","3",,"1","transaction","observed-reused","observed-first","23","2",,"713.201125","535","88",,,,,,,"true","true",,,,,"true","true",""
"main-alchemy-alarms-alarm-1-independent-b2-i3","alchemy","alarms","alarms","false","warm","2","3",,"1","independent","observed-reused","observed-first","38","2",,"750.497959","571","101",,,,,,,"true","true",,,,,"true","true",""
"main-alchemy-telemetry-logs-traces-100-telemetry-small-none-b2-i3","alchemy","telemetry","telemetry-logs-traces-100","false","warm","2","3","small",,,"observed-reused","unknown","13","13",,"197.24075","23",,"2","5455","0","0","1","3","true","true",,,"true","true",,,""
"main-alchemy-telemetry-all-100-telemetry-small-none-b2-i3","alchemy","telemetry","telemetry-all-100","false","warm","2","3","small",,,"observed-reused","unknown","22","22",,"210.213875","32",,"4","49927","200","200","1","3","true","true",,,"true","true",,,""
"main-alchemy-telemetry-logs-traces-0-telemetry-small-none-b2-i3","alchemy","telemetry","telemetry-logs-traces-0","false","warm","2","3","small",,,"observed-reused","unknown","9","9",,"190.584834","16",,"2","5437","0","0","1","3","true","true",,,"true","true",,,""
"main-alchemy-telemetry-all-0-telemetry-small-none-b2-i3","alchemy","telemetry","telemetry-all-0","false","warm","2","3","small",,,"observed-reused","unknown","27","27",,"223.1195","39",,"4","6523","0","0","1","3","true","true",,,"true","true",,,""
"main-alchemy-http-cached-http-large-none-b2-i3","alchemy","http","http-cached","false","warm","2","3","large",,,"observed-reused","unknown","56","56",,"1124.0305","88",,,,,,,,"true","true",,"true",,,,,""
"main-alchemy-http-cached-http-small-none-b2-i3","alchemy","http","http-cached","false","warm","2","3","small",,,"observed-reused","unknown","2","2",,"180.495291","2",,,,,,,,"true","true",,"true",,,,,""
"main-alchemy-http-fresh-http-large-none-b2-i3","alchemy","http","http-fresh","false","warm","2","3","large",,,"observed-reused","unknown","28","28",,"496.642916","43",,,,,,,,"true","true",,"true",,,,,""
"main-alchemy-http-fresh-http-small-none-b2-i3","alchemy","http","http-fresh","false","warm","2","3","small",,,"observed-reused","unknown","2","2",,"181.571084","2",,,,,,,,"true","true",,"true",,,,,""
"main-alchemy-rpc-cached-rpc-25-none-b2-i3","alchemy","rpc","rpc-cached","false","warm","2","3",,"25",,"observed-reused","observed-reused","10","10","3","212.760125","36",,,,,,,,"true","true","true",,,,,,""
"main-alchemy-rpc-cached-rpc-1-none-b2-i3","alchemy","rpc","rpc-cached","false","warm","2","3",,"1",,"observed-reused","observed-reused","4","4","0","185.328625","6",,,,,,,,"true","true","true",,,,,,""
"main-alchemy-rpc-base-rpc-25-none-b2-i3","alchemy","rpc","rpc-base","false","warm","2","3",,"25",,"observed-reused","observed-reused","11","11","2","223.632959","38",,,,,,,,"true","true","true",,,,,,""
"main-alchemy-rpc-base-rpc-1-none-b2-i3","alchemy","rpc","rpc-base","false","warm","2","3",,"1",,"observed-reused","observed-reused","4","4","0","188.803625","5",,,,,,,,"true","true","true",,,,,,""
"main-vite-alarms-alarm-100-transaction-b2-i3","vite","alarms","alarms","false","warm","2","3",,"100","transaction","observed-reused","observed-first","60","2",,"852.684375","658","130",,,,,,,"true","true",,,,,"true","true",""
"main-vite-alarms-alarm-100-independent-b2-i3","vite","alarms","alarms","false","warm","2","3",,"100","independent","observed-reused","observed-first","80","2",,"676.979708","496","142",,,,,,,"true","true",,,,,"true","true",""
"main-vite-alarms-alarm-10-transaction-b2-i3","vite","alarms","alarms","false","warm","2","3",,"10","transaction","observed-reused","observed-first","23","2",,"759.333459","557","118",,,,,,,"true","true",,,,,"true","true",""
"main-vite-alarms-alarm-10-independent-b2-i3","vite","alarms","alarms","false","warm","2","3",,"10","independent","observed-reused","observed-reused","8","1",,"694.540916","516","121",,,,,,,"true","true",,,,,"true","true",""
"main-vite-alarms-alarm-1-transaction-b2-i3","vite","alarms","alarms","false","warm","2","3",,"1","transaction","observed-reused","observed-first","21","1",,"756.625958","524","75",,,,,,,"true","true",,,,,"true","true",""
"main-vite-alarms-alarm-1-independent-b2-i3","vite","alarms","alarms","false","warm","2","3",,"1","independent","observed-reused","observed-first","19","1",,"648.709","466","74",,,,,,,"true","true",,,,,"true","true",""
"main-vite-telemetry-logs-traces-100-telemetry-small-none-b2-i3","vite","telemetry","telemetry-logs-traces-100","false","warm","2","3","small",,,"observed-reused","unknown","20","20",,"203.216583","38",,"2","5434","0","0","1","3","true","true",,,"true","true",,,""
"main-vite-telemetry-all-100-telemetry-small-none-b2-i3","vite","telemetry","telemetry-all-100","false","warm","2","3","small",,,"observed-reused","unknown","27","27",,"216.724791","36",,"4","49900","200","200","1","3","true","true",,,"true","true",,,""
"main-vite-telemetry-logs-traces-0-telemetry-small-none-b2-i3","vite","telemetry","telemetry-logs-traces-0","false","warm","2","3","small",,,"observed-reused","unknown","12","12",,"218.419333","16",,"2","5416","0","0","1","3","true","true",,,"true","true",,,""
"main-vite-telemetry-all-0-telemetry-small-none-b2-i3","vite","telemetry","telemetry-all-0","false","warm","2","3","small",,,"observed-reused","unknown","16","16",,"201.457083","22",,"4","6496","0","0","1","3","true","true",,,"true","true",,,""
"main-vite-http-cached-http-large-none-b2-i3","vite","http","http-cached","false","warm","2","3","large",,,"observed-reused","unknown","93","93",,"469.152167","114",,,,,,,,"true","true",,"true",,,,,""
"main-vite-http-cached-http-small-none-b2-i3","vite","http","http-cached","false","warm","2","3","small",,,"observed-reused","unknown","3","3",,"184.208833","3",,,,,,,,"true","true",,"true",,,,,""
"main-vite-http-fresh-aa-http-large-none-b2-i3","vite","http","http-fresh-aa","true","warm","2","3","large",,,"observed-reused","unknown","88","88",,"328.746209","127",,,,,,,,"true","true",,"true",,,,,""
"main-vite-http-fresh-aa-http-small-none-b2-i3","vite","http","http-fresh-aa","true","warm","2","3","small",,,"observed-reused","unknown","2","2",,"181.542916","3",,,,,,,,"true","true",,"true",,,,,""
"main-vite-http-fresh-http-large-none-b2-i3","vite","http","http-fresh","false","warm","2","3","large",,,"observed-reused","unknown","51","51",,"290.919","87",,,,,,,,"true","true",,"true",,,,,""
"main-vite-http-fresh-http-small-none-b2-i3","vite","http","http-fresh","false","warm","2","3","small",,,"observed-reused","unknown","1","1",,"183.318916","2",,,,,,,,"true","true",,"true",,,,,""
"main-vite-rpc-cached-rpc-25-none-b2-i3","vite","rpc","rpc-cached","false","warm","2","3",,"25",,"observed-reused","observed-reused","11","11","7","241.367959","37",,,,,,,,"true","true","true",,,,,,""
"main-vite-rpc-cached-rpc-1-none-b2-i3","vite","rpc","rpc-cached","false","warm","2","3",,"1",,"observed-reused","observed-reused","2","2","0","185.755042","4",,,,,,,,"true","true","true",,,,,,""
"main-vite-rpc-base-aa-rpc-25-none-b2-i3","vite","rpc","rpc-base-aa","true","warm","2","3",,"25",,"observed-reused","observed-reused","13","13","6","222.558417","42",,,,,,,,"true","true","true",,,,,,""
"main-vite-rpc-base-aa-rpc-1-none-b2-i3","vite","rpc","rpc-base-aa","true","warm","2","3",,"1",,"observed-reused","observed-reused","4","4","1","192.200875","8",,,,,,,,"true","true","true",,,,,,""
"main-vite-rpc-base-rpc-25-none-b2-i3","vite","rpc","rpc-base","false","warm","2","3",,"25",,"observed-reused","observed-reused","13","13","6","224.185417","40",,,,,,,,"true","true","true",,,,,,""
"main-vite-rpc-base-rpc-1-none-b2-i3","vite","rpc","rpc-base","false","warm","2","3",,"1",,"observed-reused","observed-reused","2","2","0","217.5855","4",,,,,,,,"true","true","true",,,,,,""
"main-wrangler-alarms-alarm-100-transaction-b2-i3","wrangler","alarms","alarms","false","warm","2","3",,"100","transaction","observed-reused","observed-first","51","2",,"803.874625","624","117",,,,,,,"true","true",,,,,"true","true",""
"main-wrangler-alarms-alarm-100-independent-b2-i3","wrangler","alarms","alarms","false","warm","2","3",,"100","independent","observed-reused","observed-first","149","3",,"959.724959","782","227",,,,,,,"true","true",,,,,"true","true",""
"main-wrangler-alarms-alarm-10-transaction-b2-i3","wrangler","alarms","alarms","false","warm","2","3",,"10","transaction","observed-reused","observed-reused","10","2",,"639.20425","459","69",,,,,,,"true","true",,,,,"true","true",""
"main-wrangler-alarms-alarm-10-independent-b2-i3","wrangler","alarms","alarms","false","warm","2","3",,"10","independent","observed-reused","observed-first","44","2",,"684.134208","505","105",,,,,,,"true","true",,,,,"true","true",""
"main-wrangler-alarms-alarm-1-transaction-b2-i3","wrangler","alarms","alarms","false","warm","2","3",,"1","transaction","observed-reused","observed-first","21","2",,"664.417958","486","82",,,,,,,"true","true",,,,,"true","true",""
"main-wrangler-alarms-alarm-1-independent-b2-i3","wrangler","alarms","alarms","false","warm","2","3",,"1","independent","observed-reused","observed-first","31","2",,"787.525917","587","99",,,,,,,"true","true",,,,,"true","true",""
"main-wrangler-telemetry-logs-traces-100-telemetry-small-none-b2-i3","wrangler","telemetry","telemetry-logs-traces-100","false","warm","2","3","small",,,"observed-reused","unknown","19","19",,"195.28175","24",,"2","5462","0","0","1","3","true","true",,,"true","true",,,""
"main-wrangler-telemetry-all-100-telemetry-small-none-b2-i3","wrangler","telemetry","telemetry-all-100","false","warm","2","3","small",,,"observed-reused","unknown","23","23",,"208.691208","32",,"4","49936","200","200","1","3","true","true",,,"true","true",,,""
"main-wrangler-telemetry-logs-traces-0-telemetry-small-none-b2-i3","wrangler","telemetry","telemetry-logs-traces-0","false","warm","2","3","small",,,"observed-reused","unknown","19","19",,"207.086542","25",,"2","5444","0","0","1","3","true","true",,,"true","true",,,""
"main-wrangler-telemetry-all-0-telemetry-small-none-b2-i3","wrangler","telemetry","telemetry-all-0","false","warm","2","3","small",,,"observed-reused","unknown","25","25",,"215.148041","33",,"4","6532","0","0","1","3","true","true",,,"true","true",,,""
"main-wrangler-http-cached-http-large-none-b2-i3","wrangler","http","http-cached","false","warm","2","3","large",,,"observed-reused","unknown",,,,"298.421084",,,,,,,,,"true","true",,"true",,,,,"invocation-evidence"
"main-wrangler-http-cached-http-small-none-b2-i3","wrangler","http","http-cached","false","warm","2","3","small",,,"observed-reused","unknown","2","2",,"180.377584","2",,,,,,,,"true","true",,"true",,,,,""
"main-wrangler-http-fresh-http-large-none-b2-i3","wrangler","http","http-fresh","false","warm","2","3","large",,,"observed-reused","unknown","39","39",,"255.1615","59",,,,,,,,"true","true",,"true",,,,,""
"main-wrangler-http-fresh-http-small-none-b2-i3","wrangler","http","http-fresh","false","warm","2","3","small",,,"observed-reused","unknown","2","2",,"181.491334","2",,,,,,,,"true","true",,"true",,,,,""
"main-wrangler-rpc-cached-rpc-25-none-b2-i3","wrangler","rpc","rpc-cached","false","warm","2","3",,"25",,"observed-reused","observed-reused","13","13","6","226.914167","49",,,,,,,,"true","true","true",,,,,,""
"main-vite-alarms-alarm-1-independent-b3-i0","vite","alarms","alarms","false","warm","3","0",,"1","independent","observed-reused","observed-first","19","1",,"704.343666","527","73",,,,,,,"true","true",,,,,"true","true",""
"main-vite-telemetry-logs-traces-100-telemetry-small-none-b3-i0","vite","telemetry","telemetry-logs-traces-100","false","warm","3","0","small",,,"observed-reused","unknown","20","20",,"203.672","27",,"2","5434","0","0","1","3","true","true",,,"true","true",,,""
"main-vite-telemetry-all-100-telemetry-small-none-b3-i0","vite","telemetry","telemetry-all-100","false","warm","3","0","small",,,"observed-reused","unknown","21","21",,"209.705","28",,"4","49902","200","200","1","3","true","true",,,"true","true",,,""
"main-vite-telemetry-logs-traces-0-telemetry-small-none-b3-i0","vite","telemetry","telemetry-logs-traces-0","false","warm","3","0","small",,,"observed-reused","unknown","9","9",,"190.692167","14",,"2","5416","0","0","1","3","true","true",,,"true","true",,,""
"main-vite-telemetry-all-0-telemetry-small-none-b3-i0","vite","telemetry","telemetry-all-0","false","warm","3","0","small",,,"observed-reused","unknown","11","11",,"193.515583","18",,"4","6498","0","0","1","3","true","true",,,"true","true",,,""
"main-vite-http-cached-http-large-none-b3-i0","vite","http","http-cached","false","warm","3","0","large",,,"observed-reused","unknown","47","47",,"282.424834","78",,,,,,,,"true","true",,"true",,,,,""
"main-vite-http-cached-http-small-none-b3-i0","vite","http","http-cached","false","warm","3","0","small",,,"observed-reused","unknown","3","3",,"182.542625","4",,,,,,,,"true","true",,"true",,,,,""
"main-vite-http-fresh-aa-http-large-none-b3-i0","vite","http","http-fresh-aa","true","warm","3","0","large",,,"observed-reused","unknown","56","56",,"296.867875","80",,,,,,,,"true","true",,"true",,,,,""
"main-vite-http-fresh-aa-http-small-none-b3-i0","vite","http","http-fresh-aa","true","warm","3","0","small",,,"observed-reused","unknown","3","3",,"182.275625","4",,,,,,,,"true","true",,"true",,,,,""
"main-vite-http-fresh-http-large-none-b3-i0","vite","http","http-fresh","false","warm","3","0","large",,,"observed-reused","unknown","33","33",,"339.459833","51",,,,,,,,"true","true",,"true",,,,,""
"main-vite-http-fresh-http-small-none-b3-i0","vite","http","http-fresh","false","warm","3","0","small",,,"observed-reused","unknown","2","2",,"180.023583","2",,,,,,,,"true","true",,"true",,,,,""
"main-vite-rpc-cached-rpc-25-none-b3-i0","vite","rpc","rpc-cached","false","warm","3","0",,"25",,"observed-reused","observed-reused","8","8","0","206.158417","28",,,,,,,,"true","true","true",,,,,,""
"main-vite-rpc-cached-rpc-1-none-b3-i0","vite","rpc","rpc-cached","false","warm","3","0",,"1",,"observed-reused","observed-reused","2","2","0","180.619","5",,,,,,,,"true","true","true",,,,,,""
"main-vite-rpc-base-aa-rpc-25-none-b3-i0","vite","rpc","rpc-base-aa","true","warm","3","0",,"25",,"observed-reused","observed-reused","14","14","8","230.23875","50",,,,,,,,"true","true","true",,,,,,""
"main-vite-rpc-base-aa-rpc-1-none-b3-i0","vite","rpc","rpc-base-aa","true","warm","3","0",,"1",,"observed-reused","observed-reused","2","2","0","245.342458","4",,,,,,,,"true","true","true",,,,,,""
"main-vite-rpc-base-rpc-25-none-b3-i0","vite","rpc","rpc-base","false","warm","3","0",,"25",,"observed-reused","observed-reused","10","10","4","227.591","38",,,,,,,,"true","true","true",,,,,,""
"main-vite-rpc-base-rpc-1-none-b3-i0","vite","rpc","rpc-base","false","warm","3","0",,"1",,"observed-reused","observed-reused","1","1","0","179.055792","3",,,,,,,,"true","true","true",,,,,,""
"main-wrangler-alarms-alarm-100-transaction-b3-i0","wrangler","alarms","alarms","false","warm","3","0",,"100","transaction","observed-reused","observed-first","43","3",,"779.672167","599","103",,,,,,,"true","true",,,,,"true","true",""
"main-wrangler-alarms-alarm-100-independent-b3-i0","wrangler","alarms","alarms","false","warm","3","0",,"100","independent","observed-reused","observed-first","136","4",,"840.070625","664","211",,,,,,,"true","true",,,,,"true","true",""
"main-wrangler-alarms-alarm-10-transaction-b3-i0","wrangler","alarms","alarms","false","warm","3","0",,"10","transaction","observed-reused","observed-first","36","2",,"808.100334","584","128",,,,,,,"true","true",,,,,"true","true",""
"main-wrangler-alarms-alarm-10-independent-b3-i0","wrangler","alarms","alarms","false","warm","3","0",,"10","independent","observed-reused","observed-first","57","2",,"911.264541","720","155",,,,,,,"true","true",,,,,"true","true",""
"main-wrangler-alarms-alarm-1-transaction-b3-i0","wrangler","alarms","alarms","false","warm","3","0",,"1","transaction","observed-reused","observed-reused","3","2",,"522.201667","345","65",,,,,,,"true","true",,,,,"true","true",""
"main-wrangler-alarms-alarm-1-independent-b3-i0","wrangler","alarms","alarms","false","warm","3","0",,"1","independent","observed-reused","observed-first","33","1",,"875.373583","700","108",,,,,,,"true","true",,,,,"true","true",""
"main-wrangler-telemetry-logs-traces-100-telemetry-small-none-b3-i0","wrangler","telemetry","telemetry-logs-traces-100","false","warm","3","0","small",,,"observed-reused","unknown","21","21",,"204.076","29",,"2","5464","0","0","1","3","true","true",,,"true","true",,,""
"main-wrangler-telemetry-all-100-telemetry-small-none-b3-i0","wrangler","telemetry","telemetry-all-100","false","warm","3","0","small",,,"observed-reused","unknown","27","27",,"214.319291","37",,"4","49938","200","200","1","3","true","true",,,"true","true",,,""
"main-wrangler-telemetry-logs-traces-0-telemetry-small-none-b3-i0","wrangler","telemetry","telemetry-logs-traces-0","false","warm","3","0","small",,,"observed-reused","unknown","16","16",,"194.693583","24",,"2","5444","0","0","1","3","true","true",,,"true","true",,,""
"main-wrangler-telemetry-all-0-telemetry-small-none-b3-i0","wrangler","telemetry","telemetry-all-0","false","warm","3","0","small",,,"observed-reused","unknown","23","23",,"212.549791","34",,"4","6534","0","0","1","3","true","true",,,"true","true",,,""
"main-wrangler-http-cached-http-large-none-b3-i0","wrangler","http","http-cached","false","warm","3","0","large",,,"observed-reused","unknown","54","54",,"285.9315","72",,,,,,,,"true","true",,"true",,,,,""
"main-wrangler-http-cached-http-small-none-b3-i0","wrangler","http","http-cached","false","warm","3","0","small",,,"observed-reused","unknown","4","4",,"190.019625","4",,,,,,,,"true","true",,"true",,,,,""
"main-wrangler-http-fresh-http-large-none-b3-i0","wrangler","http","http-fresh","false","warm","3","0","large",,,"observed-reused","unknown","27","27",,"265.760167","45",,,,,,,,"true","true",,"true",,,,,""
"main-wrangler-http-fresh-http-small-none-b3-i0","wrangler","http","http-fresh","false","warm","3","0","small",,,"observed-reused","unknown","1","1",,"183.285333","2",,,,,,,,"true","true",,"true",,,,,""
"main-wrangler-rpc-cached-rpc-25-none-b3-i0","wrangler","rpc","rpc-cached","false","warm","3","0",,"25",,"observed-reused","observed-reused","11","11","7","237.608417","43",,,,,,,,"true","true","true",,,,,,""
"main-wrangler-rpc-cached-rpc-1-none-b3-i0","wrangler","rpc","rpc-cached","false","warm","3","0",,"1",,"observed-reused","observed-reused","3","3","0","184.855791","5",,,,,,,,"true","true","true",,,,,,""
"main-wrangler-rpc-base-rpc-25-none-b3-i0","wrangler","rpc","rpc-base","false","warm","3","0",,"25",,"observed-reused","observed-reused","14","14","9","224.904333","48",,,,,,,,"true","true","true",,,,,,""
"main-wrangler-rpc-base-rpc-1-none-b3-i0","wrangler","rpc","rpc-base","false","warm","3","0",,"1",,"observed-reused","observed-reused","3","3","0","214.55475","6",,,,,,,,"true","true","true",,,,,,""
"main-alchemy-alarms-alarm-100-transaction-b3-i0","alchemy","alarms","alarms","false","warm","3","0",,"100","transaction","observed-reused","observed-first","65","2",,"843.872416","669","132",,,,,,,"true","true",,,,,"true","true",""
"main-alchemy-alarms-alarm-100-independent-b3-i0","alchemy","alarms","alarms","false","warm","3","0",,"100","independent","observed-reused","observed-first","94","2",,"810.721209","580","172",,,,,,,"true","true",,,,,"true","true",""
"main-alchemy-alarms-alarm-10-transaction-b3-i0","alchemy","alarms","alarms","false","warm","3","0",,"10","transaction","observed-reused","observed-first","26","2",,"721.910417","542","80",,,,,,,"true","true",,,,,"true","true",""
"main-alchemy-alarms-alarm-10-independent-b3-i0","alchemy","alarms","alarms","false","warm","3","0",,"10","independent","observed-reused","observed-first","24","2",,"698.024417","518","85",,,,,,,"true","true",,,,,"true","true",""
"main-alchemy-alarms-alarm-1-transaction-b3-i0","alchemy","alarms","alarms","false","warm","3","0",,"1","transaction","observed-reused","observed-first","27","2",,"710.646916","535","87",,,,,,,"true","true",,,,,"true","true",""
"main-alchemy-alarms-alarm-1-independent-b3-i0","alchemy","alarms","alarms","false","warm","3","0",,"1","independent","observed-reused","observed-first","26","1",,"751.263375","487","80",,,,,,,"true","true",,,,,"true","true",""
"main-alchemy-telemetry-logs-traces-100-telemetry-small-none-b3-i0","alchemy","telemetry","telemetry-logs-traces-100","false","warm","3","0","small",,,"unknown","unknown",,,,"192.06725",,,"2","5455","0","0","1","3","true","false",,,"true","true",,,"missing-marker|response-context"
"main-alchemy-telemetry-all-100-telemetry-small-none-b3-i0","alchemy","telemetry","telemetry-all-100","false","warm","3","0","small",,,"observed-reused","unknown","20","20",,"214.262875","29",,"4","49929","200","200","1","3","true","true",,,"true","true",,,""
"main-alchemy-telemetry-logs-traces-0-telemetry-small-none-b3-i0","alchemy","telemetry","telemetry-logs-traces-0","false","warm","3","0","small",,,"observed-reused","unknown","10","10",,"200.115291","14",,"2","5437","0","0","1","3","true","true",,,"true","true",,,""
"main-alchemy-telemetry-all-0-telemetry-small-none-b3-i0","alchemy","telemetry","telemetry-all-0","false","warm","3","0","small",,,"observed-reused","unknown","23","23",,"211.176708","32",,"4","6525","0","0","1","3","true","true",,,"true","true",,,""
"main-alchemy-http-cached-http-large-none-b3-i0","alchemy","http","http-cached","false","warm","3","0","large",,,"observed-reused","unknown","63","63",,"306.188458","85",,,,,,,,"true","true",,"true",,,,,""
"main-alchemy-http-cached-http-small-none-b3-i0","alchemy","http","http-cached","false","warm","3","0","small",,,"observed-reused","unknown","4","4",,"186.551333","5",,,,,,,,"true","true",,"true",,,,,""
"main-alchemy-http-fresh-http-large-none-b3-i0","alchemy","http","http-fresh","false","warm","3","0","large",,,"observed-reused","unknown","39","39",,"335.643667","57",,,,,,,,"true","true",,"true",,,,,""
"main-alchemy-http-fresh-http-small-none-b3-i0","alchemy","http","http-fresh","false","warm","3","0","small",,,"observed-reused","unknown","2","2",,"180.56","2",,,,,,,,"true","true",,"true",,,,,""
"main-alchemy-rpc-cached-rpc-25-none-b3-i0","alchemy","rpc","rpc-cached","false","warm","3","0",,"25",,"observed-reused","observed-reused","13","13","12","233.517625","54",,,,,,,,"true","true","true",,,,,,""
"main-alchemy-rpc-cached-rpc-1-none-b3-i0","alchemy","rpc","rpc-cached","false","warm","3","0",,"1",,"observed-reused","observed-reused","3","3","0","185.964125","5",,,,,,,,"true","true","true",,,,,,""
"main-alchemy-rpc-base-rpc-25-none-b3-i0","alchemy","rpc","rpc-base","false","warm","3","0",,"25",,"observed-reused","observed-reused","11","11","6","220.656708","41",,,,,,,,"true","true","true",,,,,,""
"main-alchemy-rpc-base-rpc-1-none-b3-i0","alchemy","rpc","rpc-base","false","warm","3","0",,"1",,"observed-reused","observed-reused","2","2","0","233.990583","3",,,,,,,,"true","true","true",,,,,,""
"main-vite-alarms-alarm-100-transaction-b3-i0","vite","alarms","alarms","false","warm","3","0",,"100","transaction","observed-reused","observed-first","57","3",,"792.154625","616","122",,,,,,,"true","true",,,,,"true","true",""
"main-vite-alarms-alarm-100-independent-b3-i0","vite","alarms","alarms","false","warm","3","0",,"100","independent","observed-reused","observed-first","178","1",,"952.378709","764","264",,,,,,,"true","true",,,,,"true","true",""
"main-vite-alarms-alarm-10-transaction-b3-i0","vite","alarms","alarms","false","warm","3","0",,"10","transaction","observed-reused","observed-first","23","2",,"728.996125","550","77",,,,,,,"true","true",,,,,"true","true",""
"main-vite-alarms-alarm-10-independent-b3-i0","vite","alarms","alarms","false","warm","3","0",,"10","independent","observed-reused","observed-first","26","3",,"636.824417","459","80",,,,,,,"true","true",,,,,"true","true",""
"main-vite-alarms-alarm-1-transaction-b3-i0","vite","alarms","alarms","false","warm","3","0",,"1","transaction","observed-reused","observed-first","14","1",,"679.998167","505","78",,,,,,,"true","true",,,,,"true","true",""
"main-alchemy-http-cached-http-small-none-b3-i1","alchemy","http","http-cached","false","warm","3","1","small",,,"observed-reused","unknown","5","5",,"266.016042","6",,,,,,,,"true","true",,"true",,,,,""
"main-alchemy-http-cached-http-large-none-b3-i1","alchemy","http","http-cached","false","warm","3","1","large",,,"observed-reused","unknown","44","44",,"271.157166","67",,,,,,,,"true","true",,"true",,,,,""
"main-alchemy-telemetry-all-0-telemetry-small-none-b3-i1","alchemy","telemetry","telemetry-all-0","false","warm","3","1","small",,,"observed-reused","unknown","24","24",,"250.9985","36",,"4","6525","0","0","1","3","true","true",,,"true","true",,,""
"main-alchemy-telemetry-logs-traces-0-telemetry-small-none-b3-i1","alchemy","telemetry","telemetry-logs-traces-0","false","warm","3","1","small",,,"observed-reused","unknown","8","8",,"185.097583","12",,"2","5439","0","0","1","3","true","true",,,"true","true",,,""
"main-alchemy-telemetry-all-100-telemetry-small-none-b3-i1","alchemy","telemetry","telemetry-all-100","false","warm","3","1","small",,,"observed-reused","unknown","18","18",,"206.388292","26",,"4","49929","200","200","1","3","true","true",,,"true","true",,,""
"main-alchemy-telemetry-logs-traces-100-telemetry-small-none-b3-i1","alchemy","telemetry","telemetry-logs-traces-100","false","warm","3","1","small",,,"observed-reused","unknown","19","19",,"199.914167","25",,"2","5457","0","0","1","3","true","true",,,"true","true",,,""
"main-alchemy-alarms-alarm-1-independent-b3-i1","alchemy","alarms","alarms","false","warm","3","1",,"1","independent","observed-reused","observed-first","31","2",,"1257.759208","700","136",,,,,,,"true","true",,,,,"true","true",""
"main-alchemy-alarms-alarm-1-transaction-b3-i1","alchemy","alarms","alarms","false","warm","3","1",,"1","transaction","observed-reused","observed-first","29","2",,"686.986875","509","81",,,,,,,"true","true",,,,,"true","true",""
"main-alchemy-alarms-alarm-10-independent-b3-i1","alchemy","alarms","alarms","false","warm","3","1",,"10","independent","observed-reused","observed-first","96","2",,"945.121917","767","186",,,,,,,"true","true",,,,,"true","true",""
"main-alchemy-alarms-alarm-10-transaction-b3-i1","alchemy","alarms","alarms","false","warm","3","1",,"10","transaction","observed-reused","observed-first","26","3",,"673.344959","495","92",,,,,,,"true","true",,,,,"true","true",""
"main-alchemy-alarms-alarm-100-independent-b3-i1","alchemy","alarms","alarms","false","warm","3","1",,"100","independent","observed-reused","observed-first","127","2",,"878.364875","701","198",,,,,,,"true","true",,,,,"true","true",""
"main-alchemy-alarms-alarm-100-transaction-b3-i1","alchemy","alarms","alarms","false","warm","3","1",,"100","transaction","observed-reused","observed-first","64","2",,"645.972917","469","138",,,,,,,"true","true",,,,,"true","true",""
"main-wrangler-rpc-base-rpc-1-none-b3-i1","wrangler","rpc","rpc-base","false","warm","3","1",,"1",,"observed-reused","observed-reused","3","3","0","184.06525","6",,,,,,,,"true","true","true",,,,,,""
"main-wrangler-rpc-base-rpc-25-none-b3-i1","wrangler","rpc","rpc-base","false","warm","3","1",,"25",,"observed-reused","observed-reused","16","16","6","320.641333","52",,,,,,,,"true","true","true",,,,,,""
"main-wrangler-rpc-cached-rpc-1-none-b3-i1","wrangler","rpc","rpc-cached","false","warm","3","1",,"1",,"unknown","observed-reused",,,"0","182.535",,,,,,,,,"true","false","false",,,,,,"missing-marker|response-context|rpc-count-verification"
"main-wrangler-rpc-cached-rpc-25-none-b3-i1","wrangler","rpc","rpc-cached","false","warm","3","1",,"25",,"observed-reused","observed-reused","8","8","0","201.927333","27",,,,,,,,"true","true","true",,,,,,""
"main-wrangler-http-fresh-http-small-none-b3-i1","wrangler","http","http-fresh","false","warm","3","1","small",,,"observed-reused","unknown","3","3",,"180.484166","4",,,,,,,,"true","true",,"true",,,,,""
"main-wrangler-http-fresh-http-large-none-b3-i1","wrangler","http","http-fresh","false","warm","3","1","large",,,"observed-reused","unknown","27","27",,"243.111542","47",,,,,,,,"true","true",,"true",,,,,""
"main-wrangler-http-cached-http-small-none-b3-i1","wrangler","http","http-cached","false","warm","3","1","small",,,"observed-reused","unknown","4","4",,"248.958791","5",,,,,,,,"true","true",,"true",,,,,""
"main-wrangler-http-cached-http-large-none-b3-i1","wrangler","http","http-cached","false","warm","3","1","large",,,"observed-reused","unknown","82","82",,"300.869417","105",,,,,,,,"true","true",,"true",,,,,""
"main-wrangler-telemetry-all-0-telemetry-small-none-b3-i1","wrangler","telemetry","telemetry-all-0","false","warm","3","1","small",,,"observed-reused","unknown","21","21",,"811.532875","30",,"4","6534","0","0","1","3","true","true",,,"true","true",,,""
"main-wrangler-telemetry-logs-traces-0-telemetry-small-none-b3-i1","wrangler","telemetry","telemetry-logs-traces-0","false","warm","3","1","small",,,"observed-reused","unknown","18","18",,"200.317667","24",,"2","5446","0","0","1","3","true","true",,,"true","true",,,""
"main-wrangler-telemetry-all-100-telemetry-small-none-b3-i1","wrangler","telemetry","telemetry-all-100","false","warm","3","1","small",,,"observed-reused","unknown","29","29",,"232.369958","39",,"4","49938","200","200","1","3","true","true",,,"true","true",,,""
"main-wrangler-telemetry-logs-traces-100-telemetry-small-none-b3-i1","wrangler","telemetry","telemetry-logs-traces-100","false","warm","3","1","small",,,"observed-reused","unknown","18","18",,"196.782625","23",,"2","5464","0","0","1","3","true","true",,,"true","true",,,""
"main-wrangler-alarms-alarm-1-independent-b3-i1","wrangler","alarms","alarms","false","warm","3","1",,"1","independent","observed-reused","observed-first","36","3",,"932.880791","754","120",,,,,,,"true","true",,,,,"true","true",""
"main-wrangler-alarms-alarm-1-transaction-b3-i1","wrangler","alarms","alarms","false","warm","3","1",,"1","transaction","observed-reused","observed-first","27","2",,"727.208125","550","89",,,,,,,"true","true",,,,,"true","true",""
"main-wrangler-alarms-alarm-10-independent-b3-i1","wrangler","alarms","alarms","false","warm","3","1",,"10","independent","observed-reused","observed-reused","28","2",,"678.81075","503","99",,,,,,,"true","true",,,,,"true","true",""
"main-wrangler-alarms-alarm-10-transaction-b3-i1","wrangler","alarms","alarms","false","warm","3","1",,"10","transaction","observed-reused","observed-first","28","2",,"797.054041","562","94",,,,,,,"true","true",,,,,"true","true",""
"main-wrangler-alarms-alarm-100-independent-b3-i1","wrangler","alarms","alarms","false","warm","3","1",,"100","independent","observed-reused","observed-reused","152","3",,"841.649375","602","228",,,,,,,"true","true",,,,,"true","true",""
"main-wrangler-alarms-alarm-100-transaction-b3-i1","wrangler","alarms","alarms","false","warm","3","1",,"100","transaction","observed-reused","observed-first","103","2",,"1617.6275","974","263",,,,,,,"true","true",,,,,"true","true",""
"main-vite-rpc-base-rpc-1-none-b3-i1","vite","rpc","rpc-base","false","warm","3","1",,"1",,"observed-reused","observed-reused","2","2","0","181.143916","4",,,,,,,,"true","true","true",,,,,,""
"main-vite-rpc-base-rpc-25-none-b3-i1","vite","rpc","rpc-base","false","warm","3","1",,"25",,"observed-reused","observed-reused","11","11","6","221.380958","41",,,,,,,,"true","true","true",,,,,,""
"main-vite-rpc-base-aa-rpc-1-none-b3-i1","vite","rpc","rpc-base-aa","true","warm","3","1",,"1",,"observed-reused","observed-reused","5","5","1","185.869375","8",,,,,,,,"true","true","true",,,,,,""
"main-vite-rpc-base-aa-rpc-25-none-b3-i1","vite","rpc","rpc-base-aa","true","warm","3","1",,"25",,"observed-reused","observed-reused","10","10","6","215.344459","39",,,,,,,,"true","true","true",,,,,,""
"main-vite-rpc-cached-rpc-1-none-b3-i1","vite","rpc","rpc-cached","false","warm","3","1",,"1",,"observed-reused","observed-reused","1","1","0","176.184292","3",,,,,,,,"true","true","true",,,,,,""
"main-vite-rpc-cached-rpc-25-none-b3-i1","vite","rpc","rpc-cached","false","warm","3","1",,"25",,"observed-reused","observed-reused","9","9","5","209.717583","33",,,,,,,,"true","true","true",,,,,,""
"main-vite-http-fresh-http-small-none-b3-i1","vite","http","http-fresh","false","warm","3","1","small",,,"observed-reused","unknown","3","3",,"184.775458","3",,,,,,,,"true","true",,"true",,,,,""
"main-vite-http-fresh-http-large-none-b3-i1","vite","http","http-fresh","false","warm","3","1","large",,,"observed-reused","unknown","30","30",,"1095.450334","46",,,,,,,,"true","true",,"true",,,,,""
"main-vite-http-fresh-aa-http-small-none-b3-i1","vite","http","http-fresh-aa","true","warm","3","1","small",,,"observed-reused","unknown","5","5",,"186.137875","6",,,,,,,,"true","true",,"true",,,,,""
"main-vite-http-fresh-aa-http-large-none-b3-i1","vite","http","http-fresh-aa","true","warm","3","1","large",,,"observed-reused","unknown","49","49",,"492.7725","71",,,,,,,,"true","true",,"true",,,,,""
"main-vite-http-cached-http-small-none-b3-i1","vite","http","http-cached","false","warm","3","1","small",,,"observed-reused","unknown","4","4",,"270.099625","5",,,,,,,,"true","true",,"true",,,,,""
"main-vite-http-cached-http-large-none-b3-i1","vite","http","http-cached","false","warm","3","1","large",,,"observed-reused","unknown","58","58",,"505.88975","81",,,,,,,,"true","true",,"true",,,,,""
"main-vite-telemetry-all-0-telemetry-small-none-b3-i1","vite","telemetry","telemetry-all-0","false","warm","3","1","small",,,"observed-reused","unknown","9","9",,"194.971291","14",,"4","6498","0","0","1","3","true","true",,,"true","true",,,""
"main-vite-telemetry-logs-traces-0-telemetry-small-none-b3-i1","vite","telemetry","telemetry-logs-traces-0","false","warm","3","1","small",,,"observed-reused","unknown","9","9",,"189.526958","14",,"2","5418","0","0","1","3","true","true",,,"true","true",,,""
"main-vite-telemetry-all-100-telemetry-small-none-b3-i1","vite","telemetry","telemetry-all-100","false","warm","3","1","small",,,"observed-reused","unknown","17","17",,"221.992625","40",,"4","49902","200","200","1","3","true","true",,,"true","true",,,""
"main-vite-telemetry-logs-traces-100-telemetry-small-none-b3-i1","vite","telemetry","telemetry-logs-traces-100","false","warm","3","1","small",,,"observed-reused","unknown","15","15",,"211.478291","21",,"2","5436","0","0","1","3","true","true",,,"true","true",,,""
"main-vite-alarms-alarm-1-independent-b3-i1","vite","alarms","alarms","false","warm","3","1",,"1","independent","observed-reused","observed-first","26","3",,"752.357792","515","87",,,,,,,"true","true",,,,,"true","true",""
"main-vite-alarms-alarm-1-transaction-b3-i1","vite","alarms","alarms","false","warm","3","1",,"1","transaction","observed-reused","observed-first","27","2",,"764.811333","587","87",,,,,,,"true","true",,,,,"true","true",""
"main-vite-alarms-alarm-10-independent-b3-i1","vite","alarms","alarms","false","warm","3","1",,"10","independent","observed-reused","observed-first","26","2",,"603.376291","425","90",,,,,,,"true","true",,,,,"true","true",""
"main-vite-alarms-alarm-10-transaction-b3-i1","vite","alarms","alarms","false","warm","3","1",,"10","transaction","observed-reused","observed-first","15","2",,"641.582458","465","70",,,,,,,"true","true",,,,,"true","true",""
"main-vite-alarms-alarm-100-independent-b3-i1","vite","alarms","alarms","false","warm","3","1",,"100","independent","observed-reused","observed-first","118","2",,"797.919209","619","211",,,,,,,"true","true",,,,,"true","true",""
"main-vite-alarms-alarm-100-transaction-b3-i1","vite","alarms","alarms","false","warm","3","1",,"100","transaction","observed-reused","observed-first","32","2",,"703.711583","524","98",,,,,,,"true","true",,,,,"true","true",""
"main-alchemy-rpc-base-rpc-1-none-b3-i1","alchemy","rpc","rpc-base","false","warm","3","1",,"1",,"observed-reused","observed-reused","2","2","0","181.199667","4",,,,,,,,"true","true","true",,,,,,""
"main-alchemy-rpc-base-rpc-25-none-b3-i1","alchemy","rpc","rpc-base","false","warm","3","1",,"25",,"observed-reused","observed-reused","10","10","1","269.586291","36",,,,,,,,"true","true","true",,,,,,""
"main-alchemy-rpc-cached-rpc-1-none-b3-i1","alchemy","rpc","rpc-cached","false","warm","3","1",,"1",,"observed-reused","observed-reused","4","4","1","184.067","7",,,,,,,,"true","true","true",,,,,,""
"main-alchemy-rpc-cached-rpc-25-none-b3-i1","alchemy","rpc","rpc-cached","false","warm","3","1",,"25",,"observed-reused","observed-reused","12","12","4","220.658667","44",,,,,,,,"true","true","true",,,,,,""
"main-alchemy-http-fresh-http-small-none-b3-i1","alchemy","http","http-fresh","false","warm","3","1","small",,,"observed-reused","unknown","2","2",,"183.724917","3",,,,,,,,"true","true",,"true",,,,,""
"main-alchemy-http-fresh-http-large-none-b3-i1","alchemy","http","http-fresh","false","warm","3","1","large",,,"observed-reused","unknown","30","30",,"250.143458","48",,,,,,,,"true","true",,"true",,,,,""
"main-alchemy-alarms-alarm-100-independent-b3-i2","alchemy","alarms","alarms","false","warm","3","2",,"100","independent","observed-reused","observed-first","174","4",,"1014.581208","836","256",,,,,,,"true","true",,,,,"true","true",""
"main-alchemy-alarms-alarm-10-transaction-b3-i2","alchemy","alarms","alarms","false","warm","3","2",,"10","transaction","observed-reused","observed-first","35","2",,"810.1655","615","107",,,,,,,"true","true",,,,,"true","true",""
"main-alchemy-alarms-alarm-10-independent-b3-i2","alchemy","alarms","alarms","false","warm","3","2",,"10","independent","observed-reused","observed-reused","34","2",,"689.259792","509","98",,,,,,,"true","true",,,,,"true","true",""
"main-alchemy-alarms-alarm-1-transaction-b3-i2","alchemy","alarms","alarms","false","warm","3","2",,"1","transaction","observed-reused","observed-first","20","3",,"583.43275","405","74",,,,,,,"true","true",,,,,"true","true",""
"main-alchemy-alarms-alarm-1-independent-b3-i2","alchemy","alarms","alarms","false","warm","3","2",,"1","independent","observed-reused","observed-first","36","3",,"767.643291","591","103",,,,,,,"true","true",,,,,"true","true",""
"main-alchemy-telemetry-logs-traces-100-telemetry-small-none-b3-i2","alchemy","telemetry","telemetry-logs-traces-100","false","warm","3","2","small",,,"observed-reused","unknown","10","10",,"190.784541","19",,"2","5457","0","0","1","3","true","true",,,"true","true",,,""
"main-alchemy-telemetry-all-100-telemetry-small-none-b3-i2","alchemy","telemetry","telemetry-all-100","false","warm","3","2","small",,,"observed-reused","unknown","17","17",,"203.366417","27",,"4","49929","200","200","1","3","true","true",,,"true","true",,,""
"main-alchemy-telemetry-logs-traces-0-telemetry-small-none-b3-i2","alchemy","telemetry","telemetry-logs-traces-0","false","warm","3","2","small",,,"observed-reused","unknown","8","8",,"183.896083","12",,"2","5439","0","0","1","3","true","true",,,"true","true",,,""
"main-alchemy-telemetry-all-0-telemetry-small-none-b3-i2","alchemy","telemetry","telemetry-all-0","false","warm","3","2","small",,,"observed-reused","unknown","17","17",,"253.732292","24",,"4","6525","0","0","1","3","true","true",,,"true","true",,,""
"main-alchemy-http-cached-http-large-none-b3-i2","alchemy","http","http-cached","false","warm","3","2","large",,,"observed-reused","unknown","48","48",,"272.15325","70",,,,,,,,"true","true",,"true",,,,,""
"main-alchemy-http-cached-http-small-none-b3-i2","alchemy","http","http-cached","false","warm","3","2","small",,,"observed-reused","unknown","2","2",,"250.621083","4",,,,,,,,"true","true",,"true",,,,,""
"main-alchemy-http-fresh-http-large-none-b3-i2","alchemy","http","http-fresh","false","warm","3","2","large",,,"observed-reused","unknown","34","34",,"245.313583","51",,,,,,,,"true","true",,"true",,,,,""
"main-alchemy-http-fresh-http-small-none-b3-i2","alchemy","http","http-fresh","false","warm","3","2","small",,,"observed-reused","unknown","1","1",,"179.7005","1",,,,,,,,"true","true",,"true",,,,,""
"main-alchemy-rpc-cached-rpc-25-none-b3-i2","alchemy","rpc","rpc-cached","false","warm","3","2",,"25",,"observed-reused","observed-reused","8","8","2","297.401583","32",,,,,,,,"true","true","true",,,,,,""
"main-alchemy-rpc-cached-rpc-1-none-b3-i2","alchemy","rpc","rpc-cached","false","warm","3","2",,"1",,"observed-reused","observed-reused","1","1","0","178.622084","3",,,,,,,,"true","true","true",,,,,,""
"main-alchemy-rpc-base-rpc-25-none-b3-i2","alchemy","rpc","rpc-base","false","warm","3","2",,"25",,"observed-reused","observed-reused","10","10","0","205.718625","30",,,,,,,,"true","true","true",,,,,,""
"main-alchemy-rpc-base-rpc-1-none-b3-i2","alchemy","rpc","rpc-base","false","warm","3","2",,"1",,"observed-reused","observed-reused","1","1","1","183.236125","5",,,,,,,,"true","true","true",,,,,,""
"main-vite-alarms-alarm-100-transaction-b3-i2","vite","alarms","alarms","false","warm","3","2",,"100","transaction","observed-reused","observed-first","47","2",,"690.303","512","118",,,,,,,"true","true",,,,,"true","true",""
"main-vite-alarms-alarm-100-independent-b3-i2","vite","alarms","alarms","false","warm","3","2",,"100","independent","observed-reused","observed-first","105","1",,"744.19075","541","176",,,,,,,"true","true",,,,,"true","true",""
"main-vite-alarms-alarm-10-transaction-b3-i2","vite","alarms","alarms","false","warm","3","2",,"10","transaction","observed-reused","observed-first","18","2",,"678.62525","499","79",,,,,,,"true","true",,,,,"true","true",""
"main-vite-alarms-alarm-10-independent-b3-i2","vite","alarms","alarms","false","warm","3","2",,"10","independent","observed-reused","observed-reused","25","2",,"672.2165","493","79",,,,,,,"true","true",,,,,"true","true",""
"main-vite-alarms-alarm-1-transaction-b3-i2","vite","alarms","alarms","false","warm","3","2",,"1","transaction","observed-reused","observed-first","13","3",,"610.109334","434","75",,,,,,,"true","true",,,,,"true","true",""
"main-vite-alarms-alarm-1-independent-b3-i2","vite","alarms","alarms","false","warm","3","2",,"1","independent","observed-reused","observed-first","28","1",,"905.927625","728","107",,,,,,,"true","true",,,,,"true","true",""
"main-vite-telemetry-logs-traces-100-telemetry-small-none-b3-i2","vite","telemetry","telemetry-logs-traces-100","false","warm","3","2","small",,,"observed-reused","unknown","12","12",,"191.830875","18",,"2","5436","0","0","1","3","true","true",,,"true","true",,,""
"main-vite-telemetry-all-100-telemetry-small-none-b3-i2","vite","telemetry","telemetry-all-100","false","warm","3","2","small",,,"observed-reused","unknown","18","18",,"211.873667","30",,"4","49902","200","200","1","3","true","true",,,"true","true",,,""
"main-vite-telemetry-logs-traces-0-telemetry-small-none-b3-i2","vite","telemetry","telemetry-logs-traces-0","false","warm","3","2","small",,,"observed-reused","unknown","7","7",,"188.523042","12",,"2","5418","0","0","1","3","true","true",,,"true","true",,,""
"main-vite-telemetry-all-0-telemetry-small-none-b3-i2","vite","telemetry","telemetry-all-0","false","warm","3","2","small",,,"observed-reused","unknown","11","11",,"286.868875","19",,"4","6498","0","0","1","3","true","true",,,"true","true",,,""
"main-vite-http-cached-http-large-none-b3-i2","vite","http","http-cached","false","warm","3","2","large",,,"observed-reused","unknown","70","70",,"328.820791","93",,,,,,,,"true","true",,"true",,,,,""
"main-vite-http-cached-http-small-none-b3-i2","vite","http","http-cached","false","warm","3","2","small",,,"observed-reused","unknown","2","2",,"182.532708","2",,,,,,,,"true","true",,"true",,,,,""
"main-vite-http-fresh-aa-http-large-none-b3-i2","vite","http","http-fresh-aa","true","warm","3","2","large",,,"observed-reused","unknown","62","62",,"341.702917","118",,,,,,,,"true","true",,"true",,,,,""
"main-vite-http-fresh-aa-http-small-none-b3-i2","vite","http","http-fresh-aa","true","warm","3","2","small",,,"observed-reused","unknown","2","2",,"186.025417","3",,,,,,,,"true","true",,"true",,,,,""
"main-vite-http-fresh-http-large-none-b3-i2","vite","http","http-fresh","false","warm","3","2","large",,,"observed-reused","unknown","30","30",,"242.592125","46",,,,,,,,"true","true",,"true",,,,,""
"main-vite-http-fresh-http-small-none-b3-i2","vite","http","http-fresh","false","warm","3","2","small",,,"observed-reused","unknown","1","1",,"268.999625","1",,,,,,,,"true","true",,"true",,,,,""
"main-vite-rpc-cached-rpc-25-none-b3-i2","vite","rpc","rpc-cached","false","warm","3","2",,"25",,"observed-reused","observed-reused","10","10","5","213.920375","37",,,,,,,,"true","true","true",,,,,,""
"main-vite-rpc-cached-rpc-1-none-b3-i2","vite","rpc","rpc-cached","false","warm","3","2",,"1",,"observed-reused","observed-reused","1","1","0","195.0345","2",,,,,,,,"true","true","true",,,,,,""
"main-vite-rpc-base-aa-rpc-25-none-b3-i2","vite","rpc","rpc-base-aa","true","warm","3","2",,"25",,"observed-reused","observed-reused","10","10","5","218.18075","41",,,,,,,,"true","true","true",,,,,,""
"main-vite-rpc-base-aa-rpc-1-none-b3-i2","vite","rpc","rpc-base-aa","true","warm","3","2",,"1",,"observed-reused","observed-reused","1","1","0","240.812416","2",,,,,,,,"true","true","true",,,,,,""
"main-vite-rpc-base-rpc-25-none-b3-i2","vite","rpc","rpc-base","false","warm","3","2",,"25",,"observed-reused","observed-reused","8","8","3","212.392834","35",,,,,,,,"true","true","true",,,,,,""
"main-vite-rpc-base-rpc-1-none-b3-i2","vite","rpc","rpc-base","false","warm","3","2",,"1",,"observed-reused","observed-reused","1","1","0","181.840625","3",,,,,,,,"true","true","true",,,,,,""
"main-wrangler-alarms-alarm-100-transaction-b3-i2","wrangler","alarms","alarms","false","warm","3","2",,"100","transaction","observed-reused","observed-first","51","4",,"710.736041","533","116",,,,,,,"true","true",,,,,"true","true",""
"main-wrangler-alarms-alarm-100-independent-b3-i2","wrangler","alarms","alarms","false","warm","3","2",,"100","independent","observed-reused","observed-first","129","2",,"819.834917","642","212",,,,,,,"true","true",,,,,"true","true",""
"main-wrangler-alarms-alarm-10-transaction-b3-i2","wrangler","alarms","alarms","false","warm","3","2",,"10","transaction","observed-reused","observed-first","38","4",,"830.089208","607","101",,,,,,,"true","true",,,,,"true","true",""
"main-wrangler-alarms-alarm-10-independent-b3-i2","wrangler","alarms","alarms","false","warm","3","2",,"10","independent","observed-reused","observed-first","56","3",,"698.224625","521","118",,,,,,,"true","true",,,,,"true","true",""
"main-wrangler-alarms-alarm-1-transaction-b3-i2","wrangler","alarms","alarms","false","warm","3","2",,"1","transaction","observed-reused","observed-first","20","2",,"620.3805","443","81",,,,,,,"true","true",,,,,"true","true",""
"main-wrangler-alarms-alarm-1-independent-b3-i2","wrangler","alarms","alarms","false","warm","3","2",,"1","independent","observed-reused","observed-first","32","3",,"789.921042","614","99",,,,,,,"true","true",,,,,"true","true",""
"main-wrangler-telemetry-logs-traces-100-telemetry-small-none-b3-i2","wrangler","telemetry","telemetry-logs-traces-100","false","warm","3","2","small",,,"observed-reused","unknown","18","18",,"198.883833","28",,"2","5464","0","0","1","3","true","true",,,"true","true",,,""
"main-wrangler-telemetry-all-100-telemetry-small-none-b3-i2","wrangler","telemetry","telemetry-all-100","false","warm","3","2","small",,,"observed-reused","unknown","25","25",,"212.634583","35",,"4","49938","200","200","1","3","true","true",,,"true","true",,,""
"main-wrangler-telemetry-logs-traces-0-telemetry-small-none-b3-i2","wrangler","telemetry","telemetry-logs-traces-0","false","warm","3","2","small",,,"observed-reused","unknown","14","14",,"190.142292","19",,"2","5446","0","0","1","3","true","true",,,"true","true",,,""
"main-wrangler-telemetry-all-0-telemetry-small-none-b3-i2","wrangler","telemetry","telemetry-all-0","false","warm","3","2","small",,,"observed-reused","unknown","17","17",,"228.390417","27",,"4","6534","0","0","1","3","true","true",,,"true","true",,,""
"main-wrangler-http-cached-http-large-none-b3-i2","wrangler","http","http-cached","false","warm","3","2","large",,,"observed-reused","unknown","52","52",,"270.732334","72",,,,,,,,"true","true",,"true",,,,,""
"main-wrangler-http-cached-http-small-none-b3-i2","wrangler","http","http-cached","false","warm","3","2","small",,,"observed-reused","unknown","1","1",,"252.646083","2",,,,,,,,"true","true",,"true",,,,,""
"main-wrangler-http-fresh-http-large-none-b3-i2","wrangler","http","http-fresh","false","warm","3","2","large",,,"observed-reused","unknown","28","28",,"246.774959","47",,,,,,,,"true","true",,"true",,,,,""
"main-wrangler-http-fresh-http-small-none-b3-i2","wrangler","http","http-fresh","false","warm","3","2","small",,,"observed-reused","unknown","1","1",,"177.307125","1",,,,,,,,"true","true",,"true",,,,,""
"main-wrangler-rpc-cached-rpc-25-none-b3-i2","wrangler","rpc","rpc-cached","false","warm","3","2",,"25",,"observed-reused","observed-reused","8","8","3","207.759042","31",,,,,,,,"true","true","true",,,,,,""
"main-wrangler-rpc-cached-rpc-1-none-b3-i2","wrangler","rpc","rpc-cached","false","warm","3","2",,"1",,"observed-reused","observed-reused","1","1","0","178.487333","2",,,,,,,,"true","true","true",,,,,,""
"main-wrangler-rpc-base-rpc-25-none-b3-i2","wrangler","rpc","rpc-base","false","warm","3","2",,"25",,"observed-reused","observed-reused","9","9","2","236.256083","33",,,,,,,,"true","true","true",,,,,,""
"main-wrangler-rpc-base-rpc-1-none-b3-i2","wrangler","rpc","rpc-base","false","warm","3","2",,"1",,"observed-reused","observed-reused","1","1","0","181.376792","4",,,,,,,,"true","true","true",,,,,,""
"main-alchemy-alarms-alarm-100-transaction-b3-i2","alchemy","alarms","alarms","false","warm","3","2",,"100","transaction","observed-reused","observed-first","78","2",,"748.023166","569","150",,,,,,,"true","true",,,,,"true","true",""
"main-wrangler-telemetry-all-100-telemetry-small-none-b3-i3","wrangler","telemetry","telemetry-all-100","false","warm","3","3","small",,,"observed-reused","unknown","41","41",,"236.034167","56",,"4","49938","200","200","1","3","true","true",,,"true","true",,,""
"main-wrangler-telemetry-logs-traces-100-telemetry-small-none-b3-i3","wrangler","telemetry","telemetry-logs-traces-100","false","warm","3","3","small",,,"observed-reused","unknown","16","16",,"196.984","25",,"2","5464","0","0","1","3","true","true",,,"true","true",,,""
"main-wrangler-alarms-alarm-1-independent-b3-i3","wrangler","alarms","alarms","false","warm","3","3",,"1","independent","observed-reused","observed-first","19","3",,"808.286041","602","72",,,,,,,"true","true",,,,,"true","true",""
"main-wrangler-alarms-alarm-1-transaction-b3-i3","wrangler","alarms","alarms","false","warm","3","3",,"1","transaction","observed-reused","observed-first","27","1",,"739.6745","563","93",,,,,,,"true","true",,,,,"true","true",""
"main-wrangler-alarms-alarm-10-independent-b3-i3","wrangler","alarms","alarms","false","warm","3","3",,"10","independent","observed-reused","observed-first","56","2",,"745.207667","568","115",,,,,,,"true","true",,,,,"true","true",""
"main-wrangler-alarms-alarm-10-transaction-b3-i3","wrangler","alarms","alarms","false","warm","3","3",,"10","transaction","observed-reused","observed-first","44","2",,"736.231458","562","103",,,,,,,"true","true",,,,,"true","true",""
"main-wrangler-alarms-alarm-100-independent-b3-i3","wrangler","alarms","alarms","false","warm","3","3",,"100","independent","observed-reused","observed-first","75","3",,"769.266833","521","151",,,,,,,"true","true",,,,,"true","true",""
"main-wrangler-alarms-alarm-100-transaction-b3-i3","wrangler","alarms","alarms","false","warm","3","3",,"100","transaction","observed-reused","observed-first","66","2",,"1142.578917","792","164",,,,,,,"true","true",,,,,"true","true",""
"main-vite-rpc-base-rpc-1-none-b3-i3","vite","rpc","rpc-base","false","warm","3","3",,"1",,"observed-reused","observed-reused","1","1","0","181.334875","3",,,,,,,,"true","true","true",,,,,,""
"main-vite-rpc-base-rpc-25-none-b3-i3","vite","rpc","rpc-base","false","warm","3","3",,"25",,"observed-reused","observed-reused","11","11","5","215.222042","39",,,,,,,,"true","true","true",,,,,,""
"main-vite-rpc-base-aa-rpc-1-none-b3-i3","vite","rpc","rpc-base-aa","true","warm","3","3",,"1",,"observed-reused","observed-reused","2","2","1","180.774916","5",,,,,,,,"true","true","true",,,,,,""
"main-vite-rpc-base-aa-rpc-25-none-b3-i3","vite","rpc","rpc-base-aa","true","warm","3","3",,"25",,"observed-reused","observed-reused","18","18","16","245.244625","66",,,,,,,,"true","true","true",,,,,,""
"main-vite-rpc-cached-rpc-1-none-b3-i3","vite","rpc","rpc-cached","false","warm","3","3",,"1",,"observed-reused","observed-reused","1","1","0","219.552166","3",,,,,,,,"true","true","true",,,,,,""
"main-vite-rpc-cached-rpc-25-none-b3-i3","vite","rpc","rpc-cached","false","warm","3","3",,"25",,"observed-reused","observed-reused","12","12","8","222.339917","43",,,,,,,,"true","true","true",,,,,,""
"main-vite-http-fresh-http-small-none-b3-i3","vite","http","http-fresh","false","warm","3","3","small",,,"observed-reused","unknown","2","2",,"178.407292","2",,,,,,,,"true","true",,"true",,,,,""
"main-vite-http-fresh-http-large-none-b3-i3","vite","http","http-fresh","false","warm","3","3","large",,,"observed-reused","unknown","25","25",,"238.33","40",,,,,,,,"true","true",,"true",,,,,""
"main-vite-http-fresh-aa-http-small-none-b3-i3","vite","http","http-fresh-aa","true","warm","3","3","small",,,"observed-reused","unknown","4","4",,"184.88525","5",,,,,,,,"true","true",,"true",,,,,""
"main-vite-http-fresh-aa-http-large-none-b3-i3","vite","http","http-fresh-aa","true","warm","3","3","large",,,"observed-reused","unknown","50","50",,"267.282667","72",,,,,,,,"true","true",,"true",,,,,""
"main-vite-http-cached-http-small-none-b3-i3","vite","http","http-cached","false","warm","3","3","small",,,"observed-reused","unknown","3","3",,"180.430292","4",,,,,,,,"true","true",,"true",,,,,""
"main-vite-http-cached-http-large-none-b3-i3","vite","http","http-cached","false","warm","3","3","large",,,"observed-reused","unknown","46","46",,"294.935208","68",,,,,,,,"true","true",,"true",,,,,""
"main-vite-telemetry-all-0-telemetry-small-none-b3-i3","vite","telemetry","telemetry-all-0","false","warm","3","3","small",,,"observed-reused","unknown","10","10",,"193.542833","16",,,,,,,,"true","true",,,"false","false",,,"collector-delivery|collector-cardinality"
"main-vite-telemetry-logs-traces-0-telemetry-small-none-b3-i3","vite","telemetry","telemetry-logs-traces-0","false","warm","3","3","small",,,"observed-reused","unknown","6","6",,"184.24575","11",,"2","5418","0","0","1","3","true","true",,,"true","true",,,""
"main-vite-telemetry-all-100-telemetry-small-none-b3-i3","vite","telemetry","telemetry-all-100","false","warm","3","3","small",,,"observed-reused","unknown","18","18",,"203.201958","28",,"4","49902","200","200","1","3","true","true",,,"true","true",,,""
"main-vite-telemetry-logs-traces-100-telemetry-small-none-b3-i3","vite","telemetry","telemetry-logs-traces-100","false","warm","3","3","small",,,"observed-reused","unknown","12","12",,"189.710917","19",,"2","5436","0","0","1","3","true","true",,,"true","true",,,""
"main-vite-alarms-alarm-1-independent-b3-i3","vite","alarms","alarms","false","warm","3","3",,"1","independent","observed-reused","observed-first","25","4",,"793.339584","539","82",,,,,,,"true","true",,,,,"true","true",""
"main-vite-alarms-alarm-1-transaction-b3-i3","vite","alarms","alarms","false","warm","3","3",,"1","transaction","observed-reused","observed-first","24","2",,"762.576792","584","81",,,,,,,"true","true",,,,,"true","true",""
"main-vite-alarms-alarm-10-independent-b3-i3","vite","alarms","alarms","false","warm","3","3",,"10","independent","observed-reused","observed-first","24","2",,"708.500791","526","80",,,,,,,"true","true",,,,,"true","true",""
"main-vite-alarms-alarm-10-transaction-b3-i3","vite","alarms","alarms","false","warm","3","3",,"10","transaction","observed-reused","observed-first","17","2",,"641.210292","463","71",,,,,,,"true","true",,,,,"true","true",""
"main-vite-alarms-alarm-100-independent-b3-i3","vite","alarms","alarms","false","warm","3","3",,"100","independent","observed-reused","observed-first","116","2",,"822.161125","644","188",,,,,,,"true","true",,,,,"true","true",""
"main-vite-alarms-alarm-100-transaction-b3-i3","vite","alarms","alarms","false","warm","3","3",,"100","transaction","observed-reused","observed-first","55","2",,"810.566625","613","128",,,,,,,"true","true",,,,,"true","true",""
"main-alchemy-rpc-base-rpc-1-none-b3-i3","alchemy","rpc","rpc-base","false","warm","3","3",,"1",,"observed-reused","observed-reused","3","3","0","188.070083","4",,,,,,,,"true","true","true",,,,,,""
"main-alchemy-rpc-base-rpc-25-none-b3-i3","alchemy","rpc","rpc-base","false","warm","3","3",,"25",,"observed-reused","observed-reused","10","10","6","220.3695","41",,,,,,,,"true","true","true",,,,,,""
"main-alchemy-rpc-cached-rpc-1-none-b3-i3","alchemy","rpc","rpc-cached","false","warm","3","3",,"1",,"observed-reused","observed-reused","2","2","1","183.2805","7",,,,,,,,"true","true","true",,,,,,""
"main-alchemy-rpc-cached-rpc-25-none-b3-i3","alchemy","rpc","rpc-cached","false","warm","3","3",,"25",,"observed-reused","observed-reused","13","13","6","226.545208","50",,,,,,,,"true","true","true",,,,,,""
"main-alchemy-http-fresh-http-small-none-b3-i3","alchemy","http","http-fresh","false","warm","3","3","small",,,"observed-reused","unknown","1","1",,"228.227833","1",,,,,,,,"true","true",,"true",,,,,""
"main-alchemy-http-fresh-http-large-none-b3-i3","alchemy","http","http-fresh","false","warm","3","3","large",,,"observed-reused","unknown","23","23",,"243.529792","37",,,,,,,,"true","true",,"true",,,,,""
"main-alchemy-http-cached-http-small-none-b3-i3","alchemy","http","http-cached","false","warm","3","3","small",,,"observed-reused","unknown","3","3",,"181.632542","4",,,,,,,,"true","true",,"true",,,,,""
"main-alchemy-http-cached-http-large-none-b3-i3","alchemy","http","http-cached","false","warm","3","3","large",,,"observed-reused","unknown","45","45",,"277.357541","79",,,,,,,,"true","true",,"true",,,,,""
"main-alchemy-telemetry-all-0-telemetry-small-none-b3-i3","alchemy","telemetry","telemetry-all-0","false","warm","3","3","small",,,"observed-reused","unknown","21","21",,"210.639917","33",,"4","6525","0","0","1","3","true","true",,,"true","true",,,""
"main-alchemy-telemetry-logs-traces-0-telemetry-small-none-b3-i3","alchemy","telemetry","telemetry-logs-traces-0","false","warm","3","3","small",,,"observed-reused","unknown","7","7",,"189.098084","13",,"2","5439","0","0","1","3","true","true",,,"true","true",,,""
"main-alchemy-telemetry-all-100-telemetry-small-none-b3-i3","alchemy","telemetry","telemetry-all-100","false","warm","3","3","small",,,"observed-reused","unknown","22","22",,"212.6705","32",,"4","49929","200","200","1","3","true","true",,,"true","true",,,""
"main-alchemy-telemetry-logs-traces-100-telemetry-small-none-b3-i3","alchemy","telemetry","telemetry-logs-traces-100","false","warm","3","3","small",,,"observed-reused","unknown","14","14",,"256.048167","21",,"2","5457","0","0","1","3","true","true",,,"true","true",,,""
"main-alchemy-alarms-alarm-1-independent-b3-i3","alchemy","alarms","alarms","false","warm","3","3",,"1","independent","observed-reused","observed-first","39","3",,"920.748541","740","121",,,,,,,"true","true",,,,,"true","true",""
"main-alchemy-alarms-alarm-1-transaction-b3-i3","alchemy","alarms","alarms","false","warm","3","3",,"1","transaction","observed-reused","observed-first","25","2",,"834.396667","659","81",,,,,,,"true","true",,,,,"true","true",""
"main-alchemy-alarms-alarm-10-independent-b3-i3","alchemy","alarms","alarms","false","warm","3","3",,"10","independent","observed-reused","observed-reused","22","2",,"720.1455","542","93",,,,,,,"true","true",,,,,"true","true",""
"main-alchemy-alarms-alarm-10-transaction-b3-i3","alchemy","alarms","alarms","false","warm","3","3",,"10","transaction","observed-reused","observed-first","39","5",,"755.507375","577","105",,,,,,,"true","true",,,,,"true","true",""
"main-alchemy-alarms-alarm-100-independent-b3-i3","alchemy","alarms","alarms","false","warm","3","3",,"100","independent","observed-reused","observed-first","151","1",,"806.092084","631","229",,,,,,,"true","true",,,,,"true","true",""
"main-alchemy-alarms-alarm-100-transaction-b3-i3","alchemy","alarms","alarms","false","warm","3","3",,"100","transaction","observed-reused","observed-first","50","2",,"622.871333","447","121",,,,,,,"true","true",,,,,"true","true",""
"main-wrangler-rpc-base-rpc-1-none-b3-i3","wrangler","rpc","rpc-base","false","warm","3","3",,"1",,"observed-reused","observed-reused","2","2","0","191.187542","3",,,,,,,,"true","true","true",,,,,,""
"main-wrangler-rpc-base-rpc-25-none-b3-i3","wrangler","rpc","rpc-base","false","warm","3","3",,"25",,"observed-reused","observed-reused","9","9","5","218.623292","40",,,,,,,,"true","true","true",,,,,,""
"main-wrangler-rpc-cached-rpc-1-none-b3-i3","wrangler","rpc","rpc-cached","false","warm","3","3",,"1",,"observed-reused","observed-reused","2","2","1","180.447542","4",,,,,,,,"true","true","true",,,,,,""
"main-wrangler-rpc-cached-rpc-25-none-b3-i3","wrangler","rpc","rpc-cached","false","warm","3","3",,"25",,"observed-reused","observed-reused","9","9","5","216.583375","38",,,,,,,,"true","true","true",,,,,,""
"main-wrangler-http-fresh-http-small-none-b3-i3","wrangler","http","http-fresh","false","warm","3","3","small",,,"observed-reused","unknown","1","1",,"242.660333","2",,,,,,,,"true","true",,"true",,,,,""
"main-wrangler-http-fresh-http-large-none-b3-i3","wrangler","http","http-fresh","false","warm","3","3","large",,,"observed-reused","unknown","28","28",,"249.061917","47",,,,,,,,"true","true",,"true",,,,,""
"main-wrangler-http-cached-http-small-none-b3-i3","wrangler","http","http-cached","false","warm","3","3","small",,,"observed-reused","unknown","3","3",,"270.67725","4",,,,,,,,"true","true",,"true",,,,,""
"main-wrangler-http-cached-http-large-none-b3-i3","wrangler","http","http-cached","false","warm","3","3","large",,,"observed-reused","unknown","39","39",,"256.70275","58",,,,,,,,"true","true",,"true",,,,,""
"main-wrangler-telemetry-all-0-telemetry-small-none-b3-i3","wrangler","telemetry","telemetry-all-0","false","warm","3","3","small",,,"observed-reused","unknown","22","22",,"265.719958","30",,"4","6534","0","0","1","3","true","true",,,"true","true",,,""
"main-wrangler-telemetry-logs-traces-0-telemetry-small-none-b3-i3","wrangler","telemetry","telemetry-logs-traces-0","false","warm","3","3","small",,,"observed-reused","unknown","14","14",,"196.419125","19",,"2","5446","0","0","1","3","true","true",,,"true","true",,,""
"main-alchemy-rpc-cached-rpc-1-none-b4-i0","alchemy","rpc","rpc-cached","false","warm","4","0",,"1",,"observed-reused","observed-reused","1","1","0","179.604125","3",,,,,,,,"true","true","true",,,,,,""
"main-alchemy-rpc-cached-rpc-25-none-b4-i0","alchemy","rpc","rpc-cached","false","warm","4","0",,"25",,"observed-reused","observed-reused","11","11","10","218.502208","42",,,,,,,,"true","true","true",,,,,,""
"main-alchemy-http-fresh-http-small-none-b4-i0","alchemy","http","http-fresh","false","warm","4","0","small",,,"observed-reused","unknown","3","3",,"180.893375","4",,,,,,,,"true","true",,"true",,,,,""
"main-alchemy-http-fresh-http-large-none-b4-i0","alchemy","http","http-fresh","false","warm","4","0","large",,,"observed-reused","unknown",,,,"270.825125",,,,,,,,,"true","true",,"true",,,,,"invocation-evidence"
"main-alchemy-http-cached-http-small-none-b4-i0","alchemy","http","http-cached","false","warm","4","0","small",,,"observed-reused","unknown","2","2",,"215.114042","4",,,,,,,,"true","true",,"true",,,,,""
"main-alchemy-http-cached-http-large-none-b4-i0","alchemy","http","http-cached","false","warm","4","0","large",,,"observed-reused","unknown","59","59",,"315.896917","93",,,,,,,,"true","true",,"true",,,,,""
"main-alchemy-telemetry-all-0-telemetry-small-none-b4-i0","alchemy","telemetry","telemetry-all-0","false","warm","4","0","small",,,"observed-reused","unknown","26","26",,"212.190125","33",,"4","6525","0","0","1","3","true","true",,,"true","true",,,""
"main-alchemy-telemetry-logs-traces-0-telemetry-small-none-b4-i0","alchemy","telemetry","telemetry-logs-traces-0","false","warm","4","0","small",,,"observed-reused","unknown","11","11",,"189.084667","15",,"2","5439","0","0","1","3","true","true",,,"true","true",,,""
"main-alchemy-telemetry-all-100-telemetry-small-none-b4-i0","alchemy","telemetry","telemetry-all-100","false","warm","4","0","small",,,"observed-reused","unknown","19","19",,"204.315167","27",,"4","49929","200","200","1","3","true","true",,,"true","true",,,""
"main-alchemy-telemetry-logs-traces-100-telemetry-small-none-b4-i0","alchemy","telemetry","telemetry-logs-traces-100","false","warm","4","0","small",,,"observed-reused","unknown","12","12",,"193.842083","18",,"2","5457","0","0","1","3","true","true",,,"true","true",,,""
"main-alchemy-alarms-alarm-1-independent-b4-i0","alchemy","alarms","alarms","false","warm","4","0",,"1","independent","observed-reused","observed-first","18","2",,"546.142667","367","70",,,,,,,"true","true",,,,,"true","true",""
"main-alchemy-alarms-alarm-1-transaction-b4-i0","alchemy","alarms","alarms","false","warm","4","0",,"1","transaction","observed-reused","observed-first","27","2",,"836.004042","620","82",,,,,,,"true","true",,,,,"true","true",""
"main-alchemy-alarms-alarm-10-independent-b4-i0","alchemy","alarms","alarms","false","warm","4","0",,"10","independent","observed-reused","observed-first","34","1",,"770.84","594","94",,,,,,,"true","true",,,,,"true","true",""
"main-alchemy-alarms-alarm-10-transaction-b4-i0","alchemy","alarms","alarms","false","warm","4","0",,"10","transaction","observed-reused","observed-first","37","1",,"837.488041","662","95",,,,,,,"true","true",,,,,"true","true",""
"main-alchemy-alarms-alarm-100-independent-b4-i0","alchemy","alarms","alarms","false","warm","4","0",,"100","independent","observed-reused","observed-first","106","4",,"683.349791","506","175",,,,,,,"true","true",,,,,"true","true",""
"main-alchemy-alarms-alarm-100-transaction-b4-i0","alchemy","alarms","alarms","false","warm","4","0",,"100","transaction","observed-reused","observed-reused","35","2",,"581.860125","400","97",,,,,,,"true","true",,,,,"true","true",""
"main-wrangler-rpc-base-rpc-1-none-b4-i0","wrangler","rpc","rpc-base","false","warm","4","0",,"1",,"observed-reused","observed-reused","2","2","0","180.617959","4",,,,,,,,"true","true","true",,,,,,""
"main-wrangler-rpc-base-rpc-25-none-b4-i0","wrangler","rpc","rpc-base","false","warm","4","0",,"25",,"observed-reused","observed-reused","17","17","14","234.790167","57",,,,,,,,"true","true","true",,,,,,""
"main-wrangler-rpc-cached-rpc-1-none-b4-i0","wrangler","rpc","rpc-cached","false","warm","4","0",,"1",,"observed-reused","observed-reused","2","2","0","182.585792","4",,,,,,,,"true","true","true",,,,,,""
"main-wrangler-rpc-cached-rpc-25-none-b4-i0","wrangler","rpc","rpc-cached","false","warm","4","0",,"25",,"observed-reused","observed-reused","16","16","14","252.061667","59",,,,,,,,"true","true","true",,,,,,""
"main-wrangler-http-fresh-http-small-none-b4-i0","wrangler","http","http-fresh","false","warm","4","0","small",,,"observed-reused","unknown","2","2",,"190.076042","2",,,,,,,,"true","true",,"true",,,,,""
"main-wrangler-http-fresh-http-large-none-b4-i0","wrangler","http","http-fresh","false","warm","4","0","large",,,"observed-reused","unknown","23","23",,"316.601417","40",,,,,,,,"true","true",,"true",,,,,""
"main-wrangler-http-cached-http-small-none-b4-i0","wrangler","http","http-cached","false","warm","4","0","small",,,"unknown","unknown",,,,"179.86125",,,,,,,,,"true","false",,"false",,,,,"missing-marker|response-context|layer-header-verification"
"main-wrangler-http-cached-http-large-none-b4-i0","wrangler","http","http-cached","false","warm","4","0","large",,,"unknown","unknown",,,,"341.90325",,,,,,,,,"true","false",,"false",,,,,"missing-marker|response-context|layer-header-verification"
"main-wrangler-telemetry-all-0-telemetry-small-none-b4-i0","wrangler","telemetry","telemetry-all-0","false","warm","4","0","small",,,"observed-reused","unknown","25","25",,"216.696291","39",,"4","6534","0","0","1","3","true","true",,,"true","true",,,""
"main-wrangler-telemetry-logs-traces-0-telemetry-small-none-b4-i0","wrangler","telemetry","telemetry-logs-traces-0","false","warm","4","0","small",,,"observed-reused","unknown","12","12",,"190.610459","17",,"2","5446","0","0","1","3","true","true",,,"true","true",,,""
"main-wrangler-telemetry-all-100-telemetry-small-none-b4-i0","wrangler","telemetry","telemetry-all-100","false","warm","4","0","small",,,"observed-reused","unknown","21","21",,"205.324625","28",,"4","49938","200","200","1","3","true","true",,,"true","true",,,""
"main-wrangler-telemetry-logs-traces-100-telemetry-small-none-b4-i0","wrangler","telemetry","telemetry-logs-traces-100","false","warm","4","0","small",,,"observed-reused","unknown","14","14",,"196.103709","19",,"2","5464","0","0","1","3","true","true",,,"true","true",,,""
"main-wrangler-alarms-alarm-1-independent-b4-i0","wrangler","alarms","alarms","false","warm","4","0",,"1","independent","observed-reused","observed-first","31","2",,"796.892375","614","95",,,,,,,"true","true",,,,,"true","true",""
"main-wrangler-alarms-alarm-1-transaction-b4-i0","wrangler","alarms","alarms","false","warm","4","0",,"1","transaction","observed-reused","observed-reused","9","1",,"607.517625","430","82",,,,,,,"true","true",,,,,"true","true",""
"main-wrangler-alarms-alarm-10-independent-b4-i0","wrangler","alarms","alarms","false","warm","4","0",,"10","independent","observed-reused","observed-first","53","2",,"791.200541","599","120",,,,,,,"true","true",,,,,"true","true",""
"main-wrangler-alarms-alarm-10-transaction-b4-i0","wrangler","alarms","alarms","false","warm","4","0",,"10","transaction","observed-reused","observed-first","36","3",,"833.22975","657","109",,,,,,,"true","true",,,,,"true","true",""
"main-wrangler-alarms-alarm-100-independent-b4-i0","wrangler","alarms","alarms","false","warm","4","0",,"100","independent","observed-reused","observed-first","76","1",,"725.149042","540","138",,,,,,,"true","true",,,,,"true","true",""
"main-wrangler-alarms-alarm-100-transaction-b4-i0","wrangler","alarms","alarms","false","warm","4","0",,"100","transaction","observed-reused","observed-first","69","2",,"722.147834","544","138",,,,,,,"true","true",,,,,"true","true",""
"main-vite-rpc-base-rpc-1-none-b4-i0","vite","rpc","rpc-base","false","warm","4","0",,"1",,"observed-reused","observed-reused","2","2","0","180.731708","3",,,,,,,,"true","true","true",,,,,,""
"main-vite-rpc-base-rpc-25-none-b4-i0","vite","rpc","rpc-base","false","warm","4","0",,"25",,"observed-reused","observed-reused","16","16","5","226.9215","47",,,,,,,,"true","true","true",,,,,,""
"main-vite-rpc-base-aa-rpc-1-none-b4-i0","vite","rpc","rpc-base-aa","true","warm","4","0",,"1",,"observed-reused","observed-reused","2","2","0","181.250375","4",,,,,,,,"true","true","true",,,,,,""
"main-vite-rpc-base-aa-rpc-25-none-b4-i0","vite","rpc","rpc-base-aa","true","warm","4","0",,"25",,"observed-reused","observed-reused","15","15","2","244.083083","43",,,,,,,,"true","true","true",,,,,,""
"main-vite-rpc-cached-rpc-1-none-b4-i0","vite","rpc","rpc-cached","false","warm","4","0",,"1",,"observed-reused","observed-reused","2","2","0","181.937167","3",,,,,,,,"true","true","true",,,,,,""
"main-vite-rpc-cached-rpc-25-none-b4-i0","vite","rpc","rpc-cached","false","warm","4","0",,"25",,"observed-reused","observed-reused","9","9","1","204.48225","30",,,,,,,,"true","true","true",,,,,,""
"main-vite-http-fresh-http-small-none-b4-i0","vite","http","http-fresh","false","warm","4","0","small",,,"observed-reused","unknown","3","3",,"181.818667","3",,,,,,,,"true","true",,"true",,,,,""
"main-vite-http-fresh-http-large-none-b4-i0","vite","http","http-fresh","false","warm","4","0","large",,,"observed-reused","unknown","35","35",,"248.030375","54",,,,,,,,"true","true",,"true",,,,,""
"main-vite-http-fresh-aa-http-small-none-b4-i0","vite","http","http-fresh-aa","true","warm","4","0","small",,,"observed-reused","unknown","3","3",,"225.108167","4",,,,,,,,"true","true",,"true",,,,,""
"main-vite-http-fresh-aa-http-large-none-b4-i0","vite","http","http-fresh-aa","true","warm","4","0","large",,,"observed-reused","unknown","97","97",,"315.966875","124",,,,,,,,"true","true",,"true",,,,,""
"main-vite-http-cached-http-small-none-b4-i0","vite","http","http-cached","false","warm","4","0","small",,,"observed-reused","unknown","1","1",,"208.467541","2",,,,,,,,"true","true",,"true",,,,,""
"main-vite-http-cached-http-large-none-b4-i0","vite","http","http-cached","false","warm","4","0","large",,,"observed-reused","unknown","72","72",,"289.161167","93",,,,,,,,"true","true",,"true",,,,,""
"main-vite-telemetry-all-0-telemetry-small-none-b4-i0","vite","telemetry","telemetry-all-0","false","warm","4","0","small",,,"observed-reused","unknown","11","11",,"232.419291","18",,"4","6498","0","0","1","3","true","true",,,"true","true",,,""
"main-vite-telemetry-logs-traces-0-telemetry-small-none-b4-i0","vite","telemetry","telemetry-logs-traces-0","false","warm","4","0","small",,,"observed-reused","unknown","11","11",,"189.353167","19",,"2","5418","0","0","1","3","true","true",,,"true","true",,,""
"main-vite-telemetry-all-100-telemetry-small-none-b4-i0","vite","telemetry","telemetry-all-100","false","warm","4","0","small",,,"observed-reused","unknown","23","23",,"208.24575","33",,"4","49902","200","200","1","3","true","true",,,"true","true",,,""
"main-vite-telemetry-logs-traces-100-telemetry-small-none-b4-i0","vite","telemetry","telemetry-logs-traces-100","false","warm","4","0","small",,,"observed-reused","unknown","11","11",,"190.378959","17",,"2","5436","0","0","1","3","true","true",,,"true","true",,,""
"main-vite-alarms-alarm-1-independent-b4-i0","vite","alarms","alarms","false","warm","4","0",,"1","independent","observed-reused","observed-first","29","5",,"744.781709","563","86",,,,,,,"true","true",,,,,"true","true",""
"main-vite-alarms-alarm-1-transaction-b4-i0","vite","alarms","alarms","false","warm","4","0",,"1","transaction","observed-reused","observed-first","17","2",,"721.60825","540","80",,,,,,,"true","true",,,,,"true","true",""
"main-vite-alarms-alarm-10-independent-b4-i0","vite","alarms","alarms","false","warm","4","0",,"10","independent","observed-reused","observed-first","37","4",,"737.497","515","95",,,,,,,"true","true",,,,,"true","true",""
"main-vite-alarms-alarm-10-transaction-b4-i0","vite","alarms","alarms","false","warm","4","0",,"10","transaction","observed-reused","observed-first","17","3",,"626.170125","449","79",,,,,,,"true","true",,,,,"true","true",""
"main-vite-alarms-alarm-100-independent-b4-i0","vite","alarms","alarms","false","warm","4","0",,"100","independent","observed-reused","observed-reused","102","2",,"645.662875","473","169",,,,,,,"true","true",,,,,"true","true",""
"main-vite-alarms-alarm-100-transaction-b4-i0","vite","alarms","alarms","false","warm","4","0",,"100","transaction","observed-reused","observed-first","75","3",,"945.233125","772","158",,,,,,,"true","true",,,,,"true","true",""
"main-alchemy-rpc-base-rpc-1-none-b4-i0","alchemy","rpc","rpc-base","false","warm","4","0",,"1",,"observed-reused","observed-reused","1","1","0","179.801834","3",,,,,,,,"true","true","true",,,,,,""
"main-alchemy-rpc-base-rpc-25-none-b4-i0","alchemy","rpc","rpc-base","false","warm","4","0",,"25",,"observed-reused","observed-reused","10","10","5","215.400125","38",,,,,,,,"true","true","true",,,,,,""
"main-alchemy-alarms-alarm-1-independent-b4-i1","alchemy","alarms","alarms","false","warm","4","1",,"1","independent","observed-reused","observed-reused","6","2",,"570.013584","392","76",,,,,,,"true","true",,,,,"true","true",""
"main-alchemy-telemetry-logs-traces-100-telemetry-small-none-b4-i1","alchemy","telemetry","telemetry-logs-traces-100","false","warm","4","1","small",,,"observed-reused","unknown","21","21",,"199.797542","26",,"2","5457","0","0","1","3","true","true",,,"true","true",,,""
"main-alchemy-telemetry-all-100-telemetry-small-none-b4-i1","alchemy","telemetry","telemetry-all-100","false","warm","4","1","small",,,"observed-reused","unknown","21","21",,"210.573084","33",,"4","49929","200","200","1","3","true","true",,,"true","true",,,""
"main-alchemy-telemetry-logs-traces-0-telemetry-small-none-b4-i1","alchemy","telemetry","telemetry-logs-traces-0","false","warm","4","1","small",,,"observed-reused","unknown","8","8",,"188.643083","13",,"1","4350","0","0","0","3","true","true",,,"false","true",,,"collector-delivery"
"main-alchemy-telemetry-all-0-telemetry-small-none-b4-i1","alchemy","telemetry","telemetry-all-0","false","warm","4","1","small",,,"observed-reused","unknown","21","21",,"227.35875","35",,"4","6525","0","0","1","3","true","true",,,"true","true",,,""
"main-alchemy-http-cached-http-large-none-b4-i1","alchemy","http","http-cached","false","warm","4","1","large",,,"observed-reused","unknown","46","46",,"267.514958","68",,,,,,,,"true","true",,"true",,,,,""
"main-alchemy-http-cached-http-small-none-b4-i1","alchemy","http","http-cached","false","warm","4","1","small",,,"observed-reused","unknown","1","1",,"256.65425","2",,,,,,,,"true","true",,"true",,,,,""
"main-alchemy-http-fresh-http-large-none-b4-i1","alchemy","http","http-fresh","false","warm","4","1","large",,,"observed-reused","unknown","27","27",,"254.08625","42",,,,,,,,"true","true",,"true",,,,,""
"main-alchemy-http-fresh-http-small-none-b4-i1","alchemy","http","http-fresh","false","warm","4","1","small",,,"observed-reused","unknown","1","1",,"267.293209","2",,,,,,,,"true","true",,"true",,,,,""
"main-alchemy-rpc-cached-rpc-25-none-b4-i1","alchemy","rpc","rpc-cached","false","warm","4","1",,"25",,"observed-reused","observed-reused","9","9","7","217.698375","38",,,,,,,,"true","true","true",,,,,,""
"main-alchemy-rpc-cached-rpc-1-none-b4-i1","alchemy","rpc","rpc-cached","false","warm","4","1",,"1",,"observed-reused","observed-reused","1","1","0","178.000333","2",,,,,,,,"true","true","true",,,,,,""
"main-alchemy-rpc-base-rpc-25-none-b4-i1","alchemy","rpc","rpc-base","false","warm","4","1",,"25",,"observed-reused","observed-reused","7","7","5","211.367875","30",,,,,,,,"true","true","true",,,,,,""
"main-alchemy-rpc-base-rpc-1-none-b4-i1","alchemy","rpc","rpc-base","false","warm","4","1",,"1",,"observed-reused","observed-reused","2","2","0","180.260916","4",,,,,,,,"true","true","true",,,,,,""
"main-vite-alarms-alarm-100-transaction-b4-i1","vite","alarms","alarms","false","warm","4","1",,"100","transaction","observed-reused","observed-first","73","1",,"936.567209","701","158",,,,,,,"true","true",,,,,"true","true",""
"main-vite-alarms-alarm-100-independent-b4-i1","vite","alarms","alarms","false","warm","4","1",,"100","independent","observed-reused","observed-first","118","1",,"884.556417","711","187",,,,,,,"true","true",,,,,"true","true",""
"main-vite-alarms-alarm-10-transaction-b4-i1","vite","alarms","alarms","false","warm","4","1",,"10","transaction","observed-reused","observed-first","38","2",,"756.942583","499","97",,,,,,,"true","true",,,,,"true","true",""
"main-vite-alarms-alarm-10-independent-b4-i1","vite","alarms","alarms","false","warm","4","1",,"10","independent","observed-reused","observed-first","47","2",,"690.05","511","106",,,,,,,"true","true",,,,,"true","true",""
"main-vite-alarms-alarm-1-transaction-b4-i1","vite","alarms","alarms","false","warm","4","1",,"1","transaction","observed-reused","observed-first","16","1",,"610.988083","437","77",,,,,,,"true","true",,,,,"true","true",""
"main-vite-alarms-alarm-1-independent-b4-i1","vite","alarms","alarms","false","warm","4","1",,"1","independent","observed-reused","observed-first","24","2",,"693.751916","517","79",,,,,,,"true","true",,,,,"true","true",""
"main-vite-telemetry-logs-traces-100-telemetry-small-none-b4-i1","vite","telemetry","telemetry-logs-traces-100","false","warm","4","1","small",,,"observed-reused","unknown","13","13",,"196.935875","19",,"2","5436","0","0","1","3","true","true",,,"true","true",,,""
"main-vite-telemetry-all-100-telemetry-small-none-b4-i1","vite","telemetry","telemetry-all-100","false","warm","4","1","small",,,"observed-reused","unknown","26","26",,"274.331416","40",,"4","49902","200","200","1","3","true","true",,,"true","true",,,""
"main-vite-telemetry-logs-traces-0-telemetry-small-none-b4-i1","vite","telemetry","telemetry-logs-traces-0","false","warm","4","1","small",,,"observed-reused","unknown","10","10",,"189.479667","15",,"2","5418","0","0","1","3","true","true",,,"true","true",,,""
"main-vite-telemetry-all-0-telemetry-small-none-b4-i1","vite","telemetry","telemetry-all-0","false","warm","4","1","small",,,"observed-reused","unknown","10","10",,"199.594792","16",,"4","6498","0","0","1","3","true","true",,,"true","true",,,""
"main-vite-http-cached-http-large-none-b4-i1","vite","http","http-cached","false","warm","4","1","large",,,"observed-reused","unknown","76","76",,"318.148125","118",,,,,,,,"true","true",,"true",,,,,""
"main-vite-http-cached-http-small-none-b4-i1","vite","http","http-cached","false","warm","4","1","small",,,"observed-reused","unknown","1","1",,"180.851541","2",,,,,,,,"true","true",,"true",,,,,""
"main-vite-http-fresh-aa-http-large-none-b4-i1","vite","http","http-fresh-aa","true","warm","4","1","large",,,"observed-reused","unknown","52","52",,"301.498208","90",,,,,,,,"true","true",,"true",,,,,""
"main-vite-http-fresh-aa-http-small-none-b4-i1","vite","http","http-fresh-aa","true","warm","4","1","small",,,"observed-reused","unknown","2","2",,"181.262166","3",,,,,,,,"true","true",,"true",,,,,""
"main-vite-http-fresh-http-large-none-b4-i1","vite","http","http-fresh","false","warm","4","1","large",,,"observed-reused","unknown","23","23",,"242.709791","41",,,,,,,,"true","true",,"true",,,,,""
"main-vite-http-fresh-http-small-none-b4-i1","vite","http","http-fresh","false","warm","4","1","small",,,"observed-reused","unknown","1","1",,"184.053583","2",,,,,,,,"true","true",,"true",,,,,""
"main-vite-rpc-cached-rpc-25-none-b4-i1","vite","rpc","rpc-cached","false","warm","4","1",,"25",,"observed-reused","observed-reused","10","10","3","277.519583","36",,,,,,,,"true","true","true",,,,,,""
"main-vite-rpc-cached-rpc-1-none-b4-i1","vite","rpc","rpc-cached","false","warm","4","1",,"1",,"observed-reused","observed-reused","1","1","0","180.464","2",,,,,,,,"true","true","true",,,,,,""
"main-vite-rpc-base-aa-rpc-25-none-b4-i1","vite","rpc","rpc-base-aa","true","warm","4","1",,"25",,"observed-reused","observed-reused","13","13","5","221.1675","42",,,,,,,,"true","true","true",,,,,,""
"main-vite-rpc-base-aa-rpc-1-none-b4-i1","vite","rpc","rpc-base-aa","true","warm","4","1",,"1",,"observed-reused","observed-reused","2","2","0","183.415791","4",,,,,,,,"true","true","true",,,,,,""
"main-vite-rpc-base-rpc-25-none-b4-i1","vite","rpc","rpc-base","false","warm","4","1",,"25",,"observed-reused","observed-reused","15","15","6","224.536541","47",,,,,,,,"true","true","true",,,,,,""
"main-vite-rpc-base-rpc-1-none-b4-i1","vite","rpc","rpc-base","false","warm","4","1",,"1",,"observed-reused","observed-reused","1","1","0","232.859875","2",,,,,,,,"true","true","true",,,,,,""
"main-wrangler-alarms-alarm-100-transaction-b4-i1","wrangler","alarms","alarms","false","warm","4","1",,"100","transaction","observed-reused","observed-first","49","3",,"772.115542","590","120",,,,,,,"true","true",,,,,"true","true",""
"main-wrangler-alarms-alarm-100-independent-b4-i1","wrangler","alarms","alarms","false","warm","4","1",,"100","independent","observed-reused","observed-reused","183","2",,"865.201083","686","284",,,,,,,"true","true",,,,,"true","true",""
"main-wrangler-alarms-alarm-10-transaction-b4-i1","wrangler","alarms","alarms","false","warm","4","1",,"10","transaction","observed-reused","observed-first","29","2",,"746.917167","567","86",,,,,,,"true","true",,,,,"true","true",""
"main-wrangler-alarms-alarm-10-independent-b4-i1","wrangler","alarms","alarms","false","warm","4","1",,"10","independent","observed-reused","observed-first","39","2",,"743.103209","562","96",,,,,,,"true","true",,,,,"true","true",""
"main-wrangler-alarms-alarm-1-transaction-b4-i1","wrangler","alarms","alarms","false","warm","4","1",,"1","transaction","observed-reused","observed-first","20","1",,"883.484208","700","85",,,,,,,"true","true",,,,,"true","true",""
"main-wrangler-alarms-alarm-1-independent-b4-i1","wrangler","alarms","alarms","false","warm","4","1",,"1","independent","observed-reused","observed-first","22","1",,"714.839791","537","75",,,,,,,"true","true",,,,,"true","true",""
"main-wrangler-telemetry-logs-traces-100-telemetry-small-none-b4-i1","wrangler","telemetry","telemetry-logs-traces-100","false","warm","4","1","small",,,"observed-reused","unknown","18","18",,"198.335125","25",,"2","5464","0","0","1","3","true","true",,,"true","true",,,""
"main-wrangler-telemetry-all-100-telemetry-small-none-b4-i1","wrangler","telemetry","telemetry-all-100","false","warm","4","1","small",,,"observed-reused","unknown","21","21",,"246.047875","28",,"4","49938","200","200","1","3","true","true",,,"true","true",,,""
"main-wrangler-telemetry-logs-traces-0-telemetry-small-none-b4-i1","wrangler","telemetry","telemetry-logs-traces-0","false","warm","4","1","small",,,"observed-reused","unknown","22","22",,"205.065542","28",,"2","5446","0","0","1","3","true","true",,,"true","true",,,""
"main-wrangler-telemetry-all-0-telemetry-small-none-b4-i1","wrangler","telemetry","telemetry-all-0","false","warm","4","1","small",,,"observed-reused","unknown","24","24",,"310.717792","35",,"4","6534","0","0","1","3","true","true",,,"true","true",,,""
"main-wrangler-http-cached-http-large-none-b4-i1","wrangler","http","http-cached","false","warm","4","1","large",,,"observed-reused","unknown","49","49",,"1044.514875","87",,,,,,,,"true","true",,"true",,,,,""
"main-wrangler-http-cached-http-small-none-b4-i1","wrangler","http","http-cached","false","warm","4","1","small",,,"observed-reused","unknown","1","1",,"190.635416","1",,,,,,,,"true","true",,"true",,,,,""
"main-wrangler-http-fresh-http-large-none-b4-i1","wrangler","http","http-fresh","false","warm","4","1","large",,,"observed-reused","unknown","41","41",,"415.393583","61",,,,,,,,"true","true",,"true",,,,,""
"main-wrangler-http-fresh-http-small-none-b4-i1","wrangler","http","http-fresh","false","warm","4","1","small",,,"observed-reused","unknown","2","2",,"183.642541","3",,,,,,,,"true","true",,"true",,,,,""
"main-wrangler-rpc-cached-rpc-25-none-b4-i1","wrangler","rpc","rpc-cached","false","warm","4","1",,"25",,"observed-reused","observed-reused","8","8","4","257.964125","36",,,,,,,,"true","true","true",,,,,,""
"main-wrangler-rpc-cached-rpc-1-none-b4-i1","wrangler","rpc","rpc-cached","false","warm","4","1",,"1",,"observed-reused","observed-reused","1","1","0","182.781833","3",,,,,,,,"true","true","true",,,,,,""
"main-wrangler-rpc-base-rpc-25-none-b4-i1","wrangler","rpc","rpc-base","false","warm","4","1",,"25",,"observed-reused","observed-reused","11","11","5","217.970625","40",,,,,,,,"true","true","true",,,,,,""
"main-wrangler-rpc-base-rpc-1-none-b4-i1","wrangler","rpc","rpc-base","false","warm","4","1",,"1",,"observed-reused","observed-reused","1","1","0","184.841667","3",,,,,,,,"true","true","true",,,,,,""
"main-alchemy-alarms-alarm-100-transaction-b4-i1","alchemy","alarms","alarms","false","warm","4","1",,"100","transaction","observed-reused","observed-first","42","1",,"753.91925","576","111",,,,,,,"true","true",,,,,"true","true",""
"main-alchemy-alarms-alarm-100-independent-b4-i1","alchemy","alarms","alarms","false","warm","4","1",,"100","independent","observed-reused","observed-first","135","2",,"875.780375","693","208",,,,,,,"true","true",,,,,"true","true",""
"main-alchemy-alarms-alarm-10-transaction-b4-i1","alchemy","alarms","alarms","false","warm","4","1",,"10","transaction","observed-reused","observed-first","29","3",,"643.986916","467","86",,,,,,,"true","true",,,,,"true","true",""
"main-alchemy-alarms-alarm-10-independent-b4-i1","alchemy","alarms","alarms","false","warm","4","1",,"10","independent","observed-reused","observed-first","42","2",,"799.97525","621","106",,,,,,,"true","true",,,,,"true","true",""
"main-alchemy-alarms-alarm-1-transaction-b4-i1","alchemy","alarms","alarms","false","warm","4","1",,"1","transaction","observed-reused","observed-first","13","1",,"625.217083","423","72",,,,,,,"true","true",,,,,"true","true",""
"main-wrangler-http-cached-http-small-none-b4-i2","wrangler","http","http-cached","false","warm","4","2","small",,,"observed-reused","unknown","1","1",,"183.94825","2",,,,,,,,"true","true",,"true",,,,,""
"main-wrangler-http-cached-http-large-none-b4-i2","wrangler","http","http-cached","false","warm","4","2","large",,,"observed-reused","unknown","60","60",,"537.667167","84",,,,,,,,"true","true",,"true",,,,,""
"main-wrangler-telemetry-all-0-telemetry-small-none-b4-i2","wrangler","telemetry","telemetry-all-0","false","warm","4","2","small",,,"observed-reused","unknown","19","19",,"616.87025","28",,"4","6534","0","0","1","3","true","true",,,"true","true",,,""
"main-wrangler-telemetry-logs-traces-0-telemetry-small-none-b4-i2","wrangler","telemetry","telemetry-logs-traces-0","false","warm","4","2","small",,,"observed-reused","unknown","11","11",,"190.149125","17",,"2","5446","0","0","1","3","true","true",,,"true","true",,,""
"main-wrangler-telemetry-all-100-telemetry-small-none-b4-i2","wrangler","telemetry","telemetry-all-100","false","warm","4","2","small",,,"observed-reused","unknown","20","20",,"207.506","34",,"4","49938","200","200","1","3","true","true",,,"true","true",,,""
"main-wrangler-telemetry-logs-traces-100-telemetry-small-none-b4-i2","wrangler","telemetry","telemetry-logs-traces-100","false","warm","4","2","small",,,"observed-reused","unknown","14","14",,"194.096292","22",,"2","5464","0","0","1","3","true","true",,,"true","true",,,""
"main-wrangler-alarms-alarm-1-independent-b4-i2","wrangler","alarms","alarms","false","warm","4","2",,"1","independent","observed-reused","observed-first","23","2",,"710.497167","533","76",,,,,,,"true","true",,,,,"true","true",""
"main-wrangler-alarms-alarm-1-transaction-b4-i2","wrangler","alarms","alarms","false","warm","4","2",,"1","transaction","observed-reused","observed-first","13","3",,"698.9055","519","74",,,,,,,"true","true",,,,,"true","true",""
"main-wrangler-alarms-alarm-10-independent-b4-i2","wrangler","alarms","alarms","false","warm","4","2",,"10","independent","observed-reused","observed-first","41","2",,"808.815792","630","156",,,,,,,"true","true",,,,,"true","true",""
"main-wrangler-alarms-alarm-10-transaction-b4-i2","wrangler","alarms","alarms","false","warm","4","2",,"10","transaction","observed-reused","observed-first","36","2",,"677.636375","492","101",,,,,,,"true","true",,,,,"true","true",""
"main-wrangler-alarms-alarm-100-independent-b4-i2","wrangler","alarms","alarms","false","warm","4","2",,"100","independent","observed-reused","observed-first","120","2",,"833.863042","607","196",,,,,,,"true","true",,,,,"true","true",""
"main-wrangler-alarms-alarm-100-transaction-b4-i2","wrangler","alarms","alarms","false","warm","4","2",,"100","transaction","observed-reused","observed-reused","33","1",,"609.659208","430","113",,,,,,,"true","true",,,,,"true","true",""
"main-vite-rpc-base-rpc-1-none-b4-i2","vite","rpc","rpc-base","false","warm","4","2",,"1",,"observed-reused","observed-reused","1","1","0","271.236375","3",,,,,,,,"true","true","true",,,,,,""
"main-vite-rpc-base-rpc-25-none-b4-i2","vite","rpc","rpc-base","false","warm","4","2",,"25",,"observed-reused","observed-reused","8","8","2","216.78125","31",,,,,,,,"true","true","true",,,,,,""
"main-vite-rpc-base-aa-rpc-1-none-b4-i2","vite","rpc","rpc-base-aa","true","warm","4","2",,"1",,"observed-reused","observed-reused","2","2","0","183.841125","4",,,,,,,,"true","true","true",,,,,,""
"main-vite-rpc-base-aa-rpc-25-none-b4-i2","vite","rpc","rpc-base-aa","true","warm","4","2",,"25",,"observed-reused","observed-reused","10","10","9","222.22775","39",,,,,,,,"true","true","true",,,,,,""
"main-vite-rpc-cached-rpc-1-none-b4-i2","vite","rpc","rpc-cached","false","warm","4","2",,"1",,"observed-reused","observed-reused","2","2","1","185.600083","5",,,,,,,,"true","true","true",,,,,,""
"main-vite-rpc-cached-rpc-25-none-b4-i2","vite","rpc","rpc-cached","false","warm","4","2",,"25",,"observed-reused","observed-reused","14","14","14","232.362917","55",,,,,,,,"true","true","true",,,,,,""
"main-vite-http-fresh-http-small-none-b4-i2","vite","http","http-fresh","false","warm","4","2","small",,,"observed-reused","unknown","1","1",,"181.5415","1",,,,,,,,"true","true",,"true",,,,,""
"main-vite-http-fresh-http-large-none-b4-i2","vite","http","http-fresh","false","warm","4","2","large",,,"observed-reused","unknown","33","33",,"1108.478459","66",,,,,,,,"true","true",,"true",,,,,""
"main-vite-http-fresh-aa-http-small-none-b4-i2","vite","http","http-fresh-aa","true","warm","4","2","small",,,"observed-reused","unknown","3","3",,"274.865167","4",,,,,,,,"true","true",,"true",,,,,""
"main-vite-http-fresh-aa-http-large-none-b4-i2","vite","http","http-fresh-aa","true","warm","4","2","large",,,"observed-reused","unknown","67","67",,"517.758916","88",,,,,,,,"true","true",,"true",,,,,""
"main-vite-http-cached-http-small-none-b4-i2","vite","http","http-cached","false","warm","4","2","small",,,"observed-reused","unknown","2","2",,"183.767125","3",,,,,,,,"true","true",,"true",,,,,""
"main-vite-http-cached-http-large-none-b4-i2","vite","http","http-cached","false","warm","4","2","large",,,"observed-reused","unknown","50","50",,"432.414834","77",,,,,,,,"true","true",,"true",,,,,""
"main-vite-telemetry-all-0-telemetry-small-none-b4-i2","vite","telemetry","telemetry-all-0","false","warm","4","2","small",,,"observed-reused","unknown","9","9",,"196.430167","15",,"4","6498","0","0","1","3","true","true",,,"true","true",,,""
"main-vite-telemetry-logs-traces-0-telemetry-small-none-b4-i2","vite","telemetry","telemetry-logs-traces-0","false","warm","4","2","small",,,"observed-reused","unknown","8","8",,"234.12925","13",,"2","5418","0","0","1","3","true","true",,,"true","true",,,""
"main-vite-telemetry-all-100-telemetry-small-none-b4-i2","vite","telemetry","telemetry-all-100","false","warm","4","2","small",,,"observed-reused","unknown","18","18",,"209.418333","32",,"4","49902","200","200","1","3","true","true",,,"true","true",,,""
"main-vite-telemetry-logs-traces-100-telemetry-small-none-b4-i2","vite","telemetry","telemetry-logs-traces-100","false","warm","4","2","small",,,"observed-reused","unknown","12","12",,"202.4925","16",,"2","5436","0","0","1","3","true","true",,,"true","true",,,""
"main-vite-alarms-alarm-1-independent-b4-i2","vite","alarms","alarms","false","warm","4","2",,"1","independent","observed-reused","observed-first","20","3",,"748.042875","572","81",,,,,,,"true","true",,,,,"true","true",""
"main-vite-alarms-alarm-1-transaction-b4-i2","vite","alarms","alarms","false","warm","4","2",,"1","transaction","observed-reused","observed-first","10","1",,"786.05775","609","157",,,,,,,"true","true",,,,,"true","true",""
"main-vite-alarms-alarm-10-independent-b4-i2","vite","alarms","alarms","false","warm","4","2",,"10","independent","observed-reused","observed-first","40","2",,"833.9585","627","110",,,,,,,"true","true",,,,,"true","true",""
"main-vite-alarms-alarm-10-transaction-b4-i2","vite","alarms","alarms","false","warm","4","2",,"10","transaction","observed-reused","observed-first","31","2",,"696.107584","522","88",,,,,,,"true","true",,,,,"true","true",""
"main-vite-alarms-alarm-100-independent-b4-i2","vite","alarms","alarms","false","warm","4","2",,"100","independent","observed-reused","observed-first","88","3",,"918.7535","666","163",,,,,,,"true","true",,,,,"true","true",""
"main-vite-alarms-alarm-100-transaction-b4-i2","vite","alarms","alarms","false","warm","4","2",,"100","transaction","observed-reused","observed-first","52","2",,"979.23375","708","133",,,,,,,"true","true",,,,,"true","true",""
"main-alchemy-rpc-base-rpc-1-none-b4-i2","alchemy","rpc","rpc-base","false","warm","4","2",,"1",,"observed-reused","observed-reused","2","2","1","236.29625","6",,,,,,,,"true","true","true",,,,,,""
"main-alchemy-rpc-base-rpc-25-none-b4-i2","alchemy","rpc","rpc-base","false","warm","4","2",,"25",,"observed-reused","observed-reused","16","16","13","238.403084","57",,,,,,,,"true","true","true",,,,,,""
"main-alchemy-rpc-cached-rpc-1-none-b4-i2","alchemy","rpc","rpc-cached","false","warm","4","2",,"1",,"observed-reused","observed-reused","2","2","1","273.641958","5",,,,,,,,"true","true","true",,,,,,""
"main-alchemy-rpc-cached-rpc-25-none-b4-i2","alchemy","rpc","rpc-cached","false","warm","4","2",,"25",,"observed-reused","observed-reused","15","15","15","254.263792","60",,,,,,,,"true","true","true",,,,,,""
"main-alchemy-http-fresh-http-small-none-b4-i2","alchemy","http","http-fresh","false","warm","4","2","small",,,"observed-reused","unknown","3","3",,"266.76875","4",,,,,,,,"true","true",,"true",,,,,""
"main-alchemy-http-fresh-http-large-none-b4-i2","alchemy","http","http-fresh","false","warm","4","2","large",,,"observed-reused","unknown","32","32",,"524.218125","80",,,,,,,,"true","true",,"true",,,,,""
"main-alchemy-http-cached-http-small-none-b4-i2","alchemy","http","http-cached","false","warm","4","2","small",,,"observed-reused","unknown","5","5",,"190.364292","6",,,,,,,,"true","true",,"true",,,,,""
"main-alchemy-http-cached-http-large-none-b4-i2","alchemy","http","http-cached","false","warm","4","2","large",,,"observed-reused","unknown","66","66",,"455.063333","98",,,,,,,,"true","true",,"true",,,,,""
"main-alchemy-telemetry-all-0-telemetry-small-none-b4-i2","alchemy","telemetry","telemetry-all-0","false","warm","4","2","small",,,"observed-reused","unknown","19","19",,"209.659333","29",,"4","6525","0","0","1","3","true","true",,,"true","true",,,""
"main-alchemy-telemetry-logs-traces-0-telemetry-small-none-b4-i2","alchemy","telemetry","telemetry-logs-traces-0","false","warm","4","2","small",,,"observed-reused","unknown","10","10",,"193.361125","14",,"2","5439","0","0","1","3","true","true",,,"true","true",,,""
"main-alchemy-telemetry-all-100-telemetry-small-none-b4-i2","alchemy","telemetry","telemetry-all-100","false","warm","4","2","small",,,"observed-reused","unknown","18","18",,"203.695917","27",,"4","49929","200","200","1","3","true","true",,,"true","true",,,""
"main-alchemy-telemetry-logs-traces-100-telemetry-small-none-b4-i2","alchemy","telemetry","telemetry-logs-traces-100","false","warm","4","2","small",,,"observed-reused","unknown","15","15",,"197.356542","21",,"2","5457","0","0","1","3","true","true",,,"true","true",,,""
"main-alchemy-alarms-alarm-1-independent-b4-i2","alchemy","alarms","alarms","false","warm","4","2",,"1","independent","observed-reused","observed-first","35","3",,"754.485583","571","112",,,,,,,"true","true",,,,,"true","true",""
"main-alchemy-alarms-alarm-1-transaction-b4-i2","alchemy","alarms","alarms","false","warm","4","2",,"1","transaction","observed-reused","observed-first","29","2",,"657.917417","468","94",,,,,,,"true","true",,,,,"true","true",""
"main-alchemy-alarms-alarm-10-independent-b4-i2","alchemy","alarms","alarms","false","warm","4","2",,"10","independent","observed-reused","observed-first","42","2",,"640.975375","461","101",,,,,,,"true","true",,,,,"true","true",""
"main-alchemy-alarms-alarm-10-transaction-b4-i2","alchemy","alarms","alarms","false","warm","4","2",,"10","transaction","observed-reused","observed-first","39","2",,"711.883792","531","108",,,,,,,"true","true",,,,,"true","true",""
"main-alchemy-alarms-alarm-100-independent-b4-i2","alchemy","alarms","alarms","false","warm","4","2",,"100","independent","observed-reused","observed-first","128","1",,"953.276125","778","205",,,,,,,"true","true",,,,,"true","true",""
"main-alchemy-alarms-alarm-100-transaction-b4-i2","alchemy","alarms","alarms","false","warm","4","2",,"100","transaction","observed-reused","observed-first","31","2",,"706.089583","528","98",,,,,,,"true","true",,,,,"true","true",""
"main-wrangler-rpc-base-rpc-1-none-b4-i2","wrangler","rpc","rpc-base","false","warm","4","2",,"1",,"observed-reused","observed-reused","2","2","1","183.233959","5",,,,,,,,"true","true","true",,,,,,""
"main-wrangler-rpc-base-rpc-25-none-b4-i2","wrangler","rpc","rpc-base","false","warm","4","2",,"25",,"observed-reused","observed-reused","23","23","19","256.402916","76",,,,,,,,"true","true","true",,,,,,""
"main-wrangler-rpc-cached-rpc-1-none-b4-i2","wrangler","rpc","rpc-cached","false","warm","4","2",,"1",,"observed-reused","observed-reused","1","1","1","179.313625","3",,,,,,,,"true","true","true",,,,,,""
"main-wrangler-rpc-cached-rpc-25-none-b4-i2","wrangler","rpc","rpc-cached","false","warm","4","2",,"25",,"observed-reused","observed-reused","13","13","5","221.633917","46",,,,,,,,"true","true","true",,,,,,""
"main-wrangler-http-fresh-http-small-none-b4-i2","wrangler","http","http-fresh","false","warm","4","2","small",,,"observed-reused","unknown","1","1",,"178.864625","2",,,,,,,,"true","true",,"true",,,,,""
"main-wrangler-http-fresh-http-large-none-b4-i2","wrangler","http","http-fresh","false","warm","4","2","large",,,"observed-reused","unknown","30","30",,"396.191375","47",,,,,,,,"true","true",,"true",,,,,""
"main-wrangler-alarms-alarm-100-independent-b4-i3","wrangler","alarms","alarms","false","warm","4","3",,"100","independent","observed-reused","observed-first","81","2",,"750.359458","576","148",,,,,,,"true","true",,,,,"true","true",""
"main-wrangler-alarms-alarm-10-transaction-b4-i3","wrangler","alarms","alarms","false","warm","4","3",,"10","transaction","observed-reused","observed-first","32","3",,"688.742041","511","105",,,,,,,"true","true",,,,,"true","true",""
"main-wrangler-alarms-alarm-10-independent-b4-i3","wrangler","alarms","alarms","false","warm","4","3",,"10","independent","observed-reused","observed-first","50","3",,"768.1115","566","106",,,,,,,"true","true",,,,,"true","true",""
"main-wrangler-alarms-alarm-1-transaction-b4-i3","wrangler","alarms","alarms","false","warm","4","3",,"1","transaction","observed-reused","observed-first","24","3",,"710.058542","527","95",,,,,,,"true","true",,,,,"true","true",""
"main-wrangler-alarms-alarm-1-independent-b4-i3","wrangler","alarms","alarms","false","warm","4","3",,"1","independent","observed-reused","observed-first","23","3",,"737.63475","560","89",,,,,,,"true","true",,,,,"true","true",""
"main-wrangler-telemetry-logs-traces-100-telemetry-small-none-b4-i3","wrangler","telemetry","telemetry-logs-traces-100","false","warm","4","3","small",,,"observed-reused","unknown","20","20",,"203.927084","31",,"2","5464","0","0","1","3","true","true",,,"true","true",,,""
"main-wrangler-telemetry-all-100-telemetry-small-none-b4-i3","wrangler","telemetry","telemetry-all-100","false","warm","4","3","small",,,"observed-reused","unknown","35","35",,"226.780542","47",,"4","49938","200","200","1","3","true","true",,,"true","true",,,""
"main-wrangler-telemetry-logs-traces-0-telemetry-small-none-b4-i3","wrangler","telemetry","telemetry-logs-traces-0","false","warm","4","3","small",,,"observed-reused","unknown","13","13",,"197.781833","19",,"2","5446","0","0","1","3","true","true",,,"true","true",,,""
"main-wrangler-telemetry-all-0-telemetry-small-none-b4-i3","wrangler","telemetry","telemetry-all-0","false","warm","4","3","small",,,"observed-reused","unknown","20","20",,"213.705334","28",,"4","6534","0","0","1","3","true","true",,,"true","true",,,""
"main-wrangler-http-cached-http-large-none-b4-i3","wrangler","http","http-cached","false","warm","4","3","large",,,"observed-reused","unknown","41","41",,"363.789458","80",,,,,,,,"true","true",,"true",,,,,""
"main-wrangler-http-cached-http-small-none-b4-i3","wrangler","http","http-cached","false","warm","4","3","small",,,"observed-reused","unknown","1","1",,"256.763875","2",,,,,,,,"true","true",,"true",,,,,""
"main-wrangler-http-fresh-http-large-none-b4-i3","wrangler","http","http-fresh","false","warm","4","3","large",,,"observed-reused","unknown","28","28",,"241.766625","44",,,,,,,,"true","true",,"true",,,,,""
"main-wrangler-http-fresh-http-small-none-b4-i3","wrangler","http","http-fresh","false","warm","4","3","small",,,"observed-reused","unknown","1","1",,"272.391667","2",,,,,,,,"true","true",,"true",,,,,""
"main-wrangler-rpc-cached-rpc-25-none-b4-i3","wrangler","rpc","rpc-cached","false","warm","4","3",,"25",,"unknown","observed-reused",,,,"231.063125",,,,,,,,,"true","false","false",,,,,,"missing-marker|invocation-evidence|invocation-evidence|invocation-evidence|invocation-evidence|invocation-evidence|invocation-evidence|target-count|response-context|rpc-count-verification"
"main-wrangler-rpc-cached-rpc-1-none-b4-i3","wrangler","rpc","rpc-cached","false","warm","4","3",,"1",,"observed-reused","observed-reused","1","1","0","179.2215","2",,,,,,,,"true","true","true",,,,,,""
"main-wrangler-rpc-base-rpc-25-none-b4-i3","wrangler","rpc","rpc-base","false","warm","4","3",,"25",,"observed-reused","observed-reused","12","12","2","221.096375","42",,,,,,,,"true","true","true",,,,,,""
"main-wrangler-rpc-base-rpc-1-none-b4-i3","wrangler","rpc","rpc-base","false","warm","4","3",,"1",,"observed-reused","observed-reused","1","1","0","179.428625","2",,,,,,,,"true","true","true",,,,,,""
"main-alchemy-alarms-alarm-100-transaction-b4-i3","alchemy","alarms","alarms","false","warm","4","3",,"100","transaction","observed-reused","observed-first","57","3",,"896.416625","717","125",,,,,,,"true","true",,,,,"true","true",""
"main-alchemy-alarms-alarm-100-independent-b4-i3","alchemy","alarms","alarms","false","warm","4","3",,"100","independent","observed-reused","observed-first","194","2",,"966.903625","790","276",,,,,,,"true","true",,,,,"true","true",""
"main-alchemy-alarms-alarm-10-transaction-b4-i3","alchemy","alarms","alarms","false","warm","4","3",,"10","transaction","observed-reused","observed-first","23","2",,"561.38575","400","60",,,,,,,"true","true",,,,,"true","true",""
"main-alchemy-alarms-alarm-10-independent-b4-i3","alchemy","alarms","alarms","false","warm","4","3",,"10","independent","observed-reused","observed-first","32","3",,"636.878834","410","70",,,,,,,"true","true",,,,,"true","true",""
"main-alchemy-alarms-alarm-1-transaction-b4-i3","alchemy","alarms","alarms","false","warm","4","3",,"1","transaction","observed-reused","observed-first","21","2",,"658.544125","428","76",,,,,,,"true","true",,,,,"true","true",""
"main-alchemy-alarms-alarm-1-independent-b4-i3","alchemy","alarms","alarms","false","warm","4","3",,"1","independent","observed-reused","observed-first","18","2",,"781.269417","618","252",,,,,,,"true","true",,,,,"true","true",""
"main-alchemy-telemetry-logs-traces-100-telemetry-small-none-b4-i3","alchemy","telemetry","telemetry-logs-traces-100","false","warm","4","3","small",,,"observed-reused","unknown","9","9",,"172.0275","12",,"2","5457","0","0","1","3","true","true",,,"true","true",,,""
"main-alchemy-telemetry-all-100-telemetry-small-none-b4-i3","alchemy","telemetry","telemetry-all-100","false","warm","4","3","small",,,"observed-first","unknown",,,,"347.621375",,,"4","49925","200","200","1","3","true","true",,,"true","true",,,"invocation-evidence"
"main-alchemy-telemetry-logs-traces-0-telemetry-small-none-b4-i3","alchemy","telemetry","telemetry-logs-traces-0","false","warm","4","3","small",,,"observed-reused","unknown","9","9",,"180.103","12",,"1","4350","0","0","0","3","true","true",,,"false","true",,,"collector-delivery"
"main-alchemy-telemetry-all-0-telemetry-small-none-b4-i3","alchemy","telemetry","telemetry-all-0","false","warm","4","3","small",,,"observed-reused","unknown","15","15",,"180.479042","21",,"4","6525","0","0","1","3","true","true",,,"true","true",,,""
"main-alchemy-http-cached-http-large-none-b4-i3","alchemy","http","http-cached","false","warm","4","3","large",,,"observed-reused","unknown","46","46",,"1068.981542","68",,,,,,,,"true","true",,"true",,,,,""
"main-alchemy-http-cached-http-small-none-b4-i3","alchemy","http","http-cached","false","warm","4","3","small",,,"observed-reused","unknown","1","1",,"161.86225","1",,,,,,,,"true","true",,"true",,,,,""
"main-alchemy-http-fresh-http-large-none-b4-i3","alchemy","http","http-fresh","false","warm","4","3","large",,,"observed-reused","unknown","44","44",,"399.660917","64",,,,,,,,"true","true",,"true",,,,,""
"main-alchemy-http-fresh-http-small-none-b4-i3","alchemy","http","http-fresh","false","warm","4","3","small",,,"observed-reused","unknown","1","1",,"249.452084","2",,,,,,,,"true","true",,"true",,,,,""
"main-alchemy-rpc-cached-rpc-25-none-b4-i3","alchemy","rpc","rpc-cached","false","warm","4","3",,"25",,"observed-reused","observed-reused","7","7","3","190.082791","28",,,,,,,,"true","true","true",,,,,,""
"main-alchemy-rpc-cached-rpc-1-none-b4-i3","alchemy","rpc","rpc-cached","false","warm","4","3",,"1",,"observed-reused","observed-reused","1","1","0","171.206958","2",,,,,,,,"true","true","true",,,,,,""
"main-alchemy-rpc-base-rpc-25-none-b4-i3","alchemy","rpc","rpc-base","false","warm","4","3",,"25",,"observed-reused","observed-reused","9","9","4","199.181875","36",,,,,,,,"true","true","true",,,,,,""
"main-alchemy-rpc-base-rpc-1-none-b4-i3","alchemy","rpc","rpc-base","false","warm","4","3",,"1",,"observed-reused","observed-reused","1","1","0","167.445542","2",,,,,,,,"true","true","true",,,,,,""
"main-vite-alarms-alarm-100-transaction-b4-i3","vite","alarms","alarms","false","warm","4","3",,"100","transaction","observed-reused","observed-first","32","2",,"578.176917","414","71",,,,,,,"true","true",,,,,"true","true",""
"main-vite-alarms-alarm-100-independent-b4-i3","vite","alarms","alarms","false","warm","4","3",,"100","independent","observed-reused","observed-first","76","3",,"696.87925","534","134",,,,,,,"true","true",,,,,"true","true",""
"main-vite-alarms-alarm-10-transaction-b4-i3","vite","alarms","alarms","false","warm","4","3",,"10","transaction","observed-reused","observed-first","26","3",,"634.787459","456","72",,,,,,,"true","true",,,,,"true","true",""
"main-vite-alarms-alarm-10-independent-b4-i3","vite","alarms","alarms","false","warm","4","3",,"10","independent","observed-reused","observed-first","40","3",,"677.247542","476","79",,,,,,,"true","true",,,,,"true","true",""
"main-vite-alarms-alarm-1-transaction-b4-i3","vite","alarms","alarms","false","warm","4","3",,"1","transaction","observed-reused","observed-first","33","2",,"673.1855","461","66",,,,,,,"true","true",,,,,"true","true",""
"main-vite-alarms-alarm-1-independent-b4-i3","vite","alarms","alarms","false","warm","4","3",,"1","independent","observed-reused","observed-first","20","1",,"560.939291","400","71",,,,,,,"true","true",,,,,"true","true",""
"main-vite-telemetry-logs-traces-100-telemetry-small-none-b4-i3","vite","telemetry","telemetry-logs-traces-100","false","warm","4","3","small",,,"observed-reused","unknown","8","8",,"174.095583","11",,"2","5436","0","0","1","3","true","true",,,"true","true",,,""
"main-vite-telemetry-all-100-telemetry-small-none-b4-i3","vite","telemetry","telemetry-all-100","false","warm","4","3","small",,,"observed-reused","unknown","16","16",,"187.795208","25",,"4","49902","200","200","1","3","true","true",,,"true","true",,,""
"main-vite-telemetry-logs-traces-0-telemetry-small-none-b4-i3","vite","telemetry","telemetry-logs-traces-0","false","warm","4","3","small",,,"observed-reused","unknown","9","9",,"172.590167","13",,"2","5418","0","0","1","3","true","true",,,"true","true",,,""
"main-vite-telemetry-all-0-telemetry-small-none-b4-i3","vite","telemetry","telemetry-all-0","false","warm","4","3","small",,,"observed-reused","unknown","30","30",,"196.37225","40",,"4","6498","0","0","1","3","true","true",,,"true","true",,,""
"main-vite-http-cached-http-large-none-b4-i3","vite","http","http-cached","false","warm","4","3","large",,,"observed-reused","unknown","33","33",,"230.410166","49",,,,,,,,"true","true",,"true",,,,,""
"main-vite-http-cached-http-small-none-b4-i3","vite","http","http-cached","false","warm","4","3","small",,,"observed-reused","unknown","1","1",,"217.173125","2",,,,,,,,"true","true",,"true",,,,,""
"main-vite-http-fresh-aa-http-large-none-b4-i3","vite","http","http-fresh-aa","true","warm","4","3","large",,,"observed-first","unknown","187","187",,"577.120625","232",,,,,,,,"true","true",,"true",,,,,""
"main-vite-http-fresh-aa-http-small-none-b4-i3","vite","http","http-fresh-aa","true","warm","4","3","small",,,"observed-reused","unknown","4","4",,"165.102417","5",,,,,,,,"true","true",,"true",,,,,""
"main-vite-http-fresh-http-large-none-b4-i3","vite","http","http-fresh","false","warm","4","3","large",,,"observed-first","unknown","69","69",,"327.354459","88",,,,,,,,"true","true",,"true",,,,,""
"main-vite-http-fresh-http-small-none-b4-i3","vite","http","http-fresh","false","warm","4","3","small",,,"observed-reused","unknown","3","3",,"167.748625","3",,,,,,,,"true","true",,"true",,,,,""
"main-vite-rpc-cached-rpc-25-none-b4-i3","vite","rpc","rpc-cached","false","warm","4","3",,"25",,"observed-reused","observed-reused","10","10","7","201.375458","38",,,,,,,,"true","true","true",,,,,,""
"main-vite-rpc-cached-rpc-1-none-b4-i3","vite","rpc","rpc-cached","false","warm","4","3",,"1",,"observed-reused","observed-reused","1","1","0","161.853959","2",,,,,,,,"true","true","true",,,,,,""
"main-vite-rpc-base-aa-rpc-25-none-b4-i3","vite","rpc","rpc-base-aa","true","warm","4","3",,"25",,"observed-reused","observed-reused","14","14","15","223.283875","58",,,,,,,,"true","true","true",,,,,,""
"main-vite-rpc-base-aa-rpc-1-none-b4-i3","vite","rpc","rpc-base-aa","true","warm","4","3",,"1",,"observed-reused","observed-reused","1","1","0","165.042417","2",,,,,,,,"true","true","true",,,,,,""
"main-vite-rpc-base-rpc-25-none-b4-i3","vite","rpc","rpc-base","false","warm","4","3",,"25",,"observed-first","mixed-first-and-reused","19","19","4","257.018083","47",,,,,,,,"true","true","true",,,,,,""
"main-vite-rpc-base-rpc-1-none-b4-i3","vite","rpc","rpc-base","false","warm","4","3",,"1",,"observed-reused","observed-reused","2","2","0","162.107833","4",,,,,,,,"true","true","true",,,,,,""
"main-wrangler-alarms-alarm-100-transaction-b4-i3","wrangler","alarms","alarms","false","warm","4","3",,"100","transaction","observed-reused","observed-first","29","2",,"723.091792","503","82",,,,,,,"true","true",,,,,"true","true",""
"main-alchemy-telemetry-all-0-telemetry-small-none-b5-i0","alchemy","telemetry","telemetry-all-0","false","warm","5","0","small",,,"observed-reused","unknown","10","10",,"177.891333","18",,"4","6525","0","0","1","3","true","true",,,"true","true",,,""
"main-alchemy-http-cached-http-large-none-b5-i0","alchemy","http","http-cached","false","warm","5","0","large",,,"observed-reused","unknown","52","52",,"253.899708","76",,,,,,,,"true","true",,"true",,,,,""
"main-alchemy-http-cached-http-small-none-b5-i0","alchemy","http","http-cached","false","warm","5","0","small",,,"observed-reused","unknown","1","1",,"244.293416","2",,,,,,,,"true","true",,"true",,,,,""
"main-alchemy-http-fresh-http-large-none-b5-i0","alchemy","http","http-fresh","false","warm","5","0","large",,,"observed-reused","unknown","46","46",,"241.854417","66",,,,,,,,"true","true",,"true",,,,,""
"main-alchemy-http-fresh-http-small-none-b5-i0","alchemy","http","http-fresh","false","warm","5","0","small",,,"observed-reused","unknown","2","2",,"161.929125","2",,,,,,,,"true","true",,"true",,,,,""
"main-alchemy-rpc-cached-rpc-25-none-b5-i0","alchemy","rpc","rpc-cached","false","warm","5","0",,"25",,"observed-reused","observed-reused","7","7","0","189.097917","24",,,,,,,,"true","true","true",,,,,,""
"main-alchemy-rpc-cached-rpc-1-none-b5-i0","alchemy","rpc","rpc-cached","false","warm","5","0",,"1",,"observed-reused","observed-reused","0","0","0","161.771959","1",,,,,,,,"true","true","true",,,,,,""
"main-alchemy-rpc-base-rpc-25-none-b5-i0","alchemy","rpc","rpc-base","false","warm","5","0",,"25",,"observed-reused","observed-reused","5","5","0","194.877125","20",,,,,,,,"true","true","true",,,,,,""
"main-alchemy-rpc-base-rpc-1-none-b5-i0","alchemy","rpc","rpc-base","false","warm","5","0",,"1",,"observed-reused","observed-reused","0","0","0","248.936625","1",,,,,,,,"true","true","true",,,,,,""
"main-vite-alarms-alarm-100-transaction-b5-i0","vite","alarms","alarms","false","warm","5","0",,"100","transaction","observed-reused","observed-first","36","1",,"660.634833","497","85",,,,,,,"true","true",,,,,"true","true",""
"main-vite-alarms-alarm-100-independent-b5-i0","vite","alarms","alarms","false","warm","5","0",,"100","independent","observed-reused","observed-first","180","1",,"847.927208","615","242",,,,,,,"true","true",,,,,"true","true",""
"main-vite-alarms-alarm-10-transaction-b5-i0","vite","alarms","alarms","false","warm","5","0",,"10","transaction","observed-reused","observed-first","22","2",,"776.668791","608","78",,,,,,,"true","true",,,,,"true","true",""
"main-vite-alarms-alarm-10-independent-b5-i0","vite","alarms","alarms","false","warm","5","0",,"10","independent","observed-reused","observed-first","31","3",,"632.338667","471","66",,,,,,,"true","true",,,,,"true","true",""
"main-vite-alarms-alarm-1-transaction-b5-i0","vite","alarms","alarms","false","warm","5","0",,"1","transaction","observed-reused","observed-first","20","2",,"696.840208","533","57",,,,,,,"true","true",,,,,"true","true",""
"main-vite-alarms-alarm-1-independent-b5-i0","vite","alarms","alarms","false","warm","5","0",,"1","independent","observed-reused","observed-first","15","1",,"542.973125","380","57",,,,,,,"true","true",,,,,"true","true",""
"main-vite-telemetry-logs-traces-100-telemetry-small-none-b5-i0","vite","telemetry","telemetry-logs-traces-100","false","warm","5","0","small",,,"observed-reused","unknown","9","9",,"177.335958","12",,"2","5436","0","0","1","3","true","true",,,"true","true",,,""
"main-vite-telemetry-all-100-telemetry-small-none-b5-i0","vite","telemetry","telemetry-all-100","false","warm","5","0","small",,,"observed-reused","unknown","14","14",,"179.118","20",,"4","49902","200","200","1","3","true","true",,,"true","true",,,""
"main-vite-telemetry-logs-traces-0-telemetry-small-none-b5-i0","vite","telemetry","telemetry-logs-traces-0","false","warm","5","0","small",,,"observed-reused","unknown","9","9",,"173.055667","13",,"2","5418","0","0","1","3","true","true",,,"true","true",,,""
"main-vite-telemetry-all-0-telemetry-small-none-b5-i0","vite","telemetry","telemetry-all-0","false","warm","5","0","small",,,"observed-reused","unknown","23","23",,"205.029292","40",,"4","6498","0","0","1","3","true","true",,,"true","true",,,""
"main-vite-http-cached-http-large-none-b5-i0","vite","http","http-cached","false","warm","5","0","large",,,"observed-reused","unknown","46","46",,"312.115458","74",,,,,,,,"true","true",,"true",,,,,""
"main-vite-http-cached-http-small-none-b5-i0","vite","http","http-cached","false","warm","5","0","small",,,"observed-reused","unknown","1","1",,"163.117584","1",,,,,,,,"true","true",,"true",,,,,""
"main-vite-http-fresh-aa-http-large-none-b5-i0","vite","http","http-fresh-aa","true","warm","5","0","large",,,"observed-reused","unknown","98","98",,"357.228291","117",,,,,,,,"true","true",,"true",,,,,""
"main-vite-http-fresh-aa-http-small-none-b5-i0","vite","http","http-fresh-aa","true","warm","5","0","small",,,"observed-reused","unknown","3","3",,"167.6765","4",,,,,,,,"true","true",,"true",,,,,""
"main-vite-http-fresh-http-large-none-b5-i0","vite","http","http-fresh","false","warm","5","0","large",,,"observed-reused","unknown","43","43",,"238.61775","59",,,,,,,,"true","true",,"true",,,,,""
"main-vite-http-fresh-http-small-none-b5-i0","vite","http","http-fresh","false","warm","5","0","small",,,"observed-reused","unknown","2","2",,"167.152083","3",,,,,,,,"true","true",,"true",,,,,""
"main-vite-rpc-cached-rpc-25-none-b5-i0","vite","rpc","rpc-cached","false","warm","5","0",,"25",,"observed-reused","observed-reused","7","7","3","191.66575","32",,,,,,,,"true","true","true",,,,,,""
"main-vite-rpc-cached-rpc-1-none-b5-i0","vite","rpc","rpc-cached","false","warm","5","0",,"1",,"observed-reused","observed-reused","1","1","0","166.215583","3",,,,,,,,"true","true","true",,,,,,""
"main-vite-rpc-base-aa-rpc-25-none-b5-i0","vite","rpc","rpc-base-aa","true","warm","5","0",,"25",,"observed-reused","observed-reused","8","8","4","198.751875","35",,,,,,,,"true","true","true",,,,,,""
"main-vite-rpc-base-aa-rpc-1-none-b5-i0","vite","rpc","rpc-base-aa","true","warm","5","0",,"1",,"observed-reused","observed-reused","1","1","0","165.686584","3",,,,,,,,"true","true","true",,,,,,""
"main-vite-rpc-base-rpc-25-none-b5-i0","vite","rpc","rpc-base","false","warm","5","0",,"25",,"observed-reused","observed-reused","8","8","0","270.245","29",,,,,,,,"true","true","true",,,,,,""
"main-vite-rpc-base-rpc-1-none-b5-i0","vite","rpc","rpc-base","false","warm","5","0",,"1",,"observed-reused","observed-reused","1","1","0","162.477166","2",,,,,,,,"true","true","true",,,,,,""
"main-wrangler-alarms-alarm-100-transaction-b5-i0","wrangler","alarms","alarms","false","warm","5","0",,"100","transaction","observed-reused","observed-first","30","1",,"686.446708","526","83",,,,,,,"true","true",,,,,"true","true",""
"main-wrangler-alarms-alarm-100-independent-b5-i0","wrangler","alarms","alarms","false","warm","5","0",,"100","independent","observed-reused","observed-first","83","2",,"850.69","662","324",,,,,,,"true","true",,,,,"true","true",""
"main-wrangler-alarms-alarm-10-transaction-b5-i0","wrangler","alarms","alarms","false","warm","5","0",,"10","transaction","observed-reused","observed-first","19","2",,"710.45275","547","79",,,,,,,"true","true",,,,,"true","true",""
"main-wrangler-alarms-alarm-10-independent-b5-i0","wrangler","alarms","alarms","false","warm","5","0",,"10","independent","observed-reused","observed-first","25","1",,"626.190875","376","73",,,,,,,"true","true",,,,,"true","true",""
"main-wrangler-alarms-alarm-1-transaction-b5-i0","wrangler","alarms","alarms","false","warm","5","0",,"1","transaction","observed-reused","observed-first","14","2",,"651.854417","475","56",,,,,,,"true","true",,,,,"true","true",""
"main-wrangler-alarms-alarm-1-independent-b5-i0","wrangler","alarms","alarms","false","warm","5","0",,"1","independent","observed-reused","observed-first","15","1",,"662.950791","475","55",,,,,,,"true","true",,,,,"true","true",""
"main-wrangler-telemetry-logs-traces-100-telemetry-small-none-b5-i0","wrangler","telemetry","telemetry-logs-traces-100","false","warm","5","0","small",,,"observed-first","unknown","49","49",,"286.425625","54",,"2","5460","0","0","1","3","true","true",,,"true","true",,,""
"main-wrangler-telemetry-all-100-telemetry-small-none-b5-i0","wrangler","telemetry","telemetry-all-100","false","warm","5","0","small",,,"observed-reused","unknown","31","31",,"197.352709","39",,"4","49938","200","200","1","3","true","true",,,"true","true",,,""
"main-wrangler-telemetry-logs-traces-0-telemetry-small-none-b5-i0","wrangler","telemetry","telemetry-logs-traces-0","false","warm","5","0","small",,,"observed-reused","unknown","14","14",,"182.618875","19",,"2","5446","0","0","1","3","true","true",,,"true","true",,,""
"main-wrangler-telemetry-all-0-telemetry-small-none-b5-i0","wrangler","telemetry","telemetry-all-0","false","warm","5","0","small",,,"observed-first","unknown","60","60",,"352.104958","105",,"4","6530","0","0","1","3","true","true",,,"true","true",,,""
"main-wrangler-http-cached-http-large-none-b5-i0","wrangler","http","http-cached","false","warm","5","0","large",,,"observed-reused","unknown","50","50",,"259.810125","74",,,,,,,,"true","true",,"true",,,,,""
"main-wrangler-http-cached-http-small-none-b5-i0","wrangler","http","http-cached","false","warm","5","0","small",,,"observed-reused","unknown","1","1",,"164.042583","1",,,,,,,,"true","true",,"true",,,,,""
"main-wrangler-http-fresh-http-large-none-b5-i0","wrangler","http","http-fresh","false","warm","5","0","large",,,"observed-first","unknown","83","83",,"363.27725","108",,,,,,,,"true","true",,"true",,,,,""
"main-wrangler-http-fresh-http-small-none-b5-i0","wrangler","http","http-fresh","false","warm","5","0","small",,,"observed-reused","unknown","4","4",,"167.313291","5",,,,,,,,"true","true",,"true",,,,,""
"main-wrangler-rpc-cached-rpc-25-none-b5-i0","wrangler","rpc","rpc-cached","false","warm","5","0",,"25",,"observed-reused","observed-reused","6","6","2","264.95425","24",,,,,,,,"true","true","true",,,,,,""
"main-wrangler-rpc-cached-rpc-1-none-b5-i0","wrangler","rpc","rpc-cached","false","warm","5","0",,"1",,"observed-reused","observed-reused","1","1","0","162.988","2",,,,,,,,"true","true","true",,,,,,""
"main-wrangler-rpc-base-rpc-25-none-b5-i0","wrangler","rpc","rpc-base","false","warm","5","0",,"25",,"observed-reused","observed-reused","16","16","2","208.862417","45",,,,,,,,"true","true","true",,,,,,""
"main-wrangler-rpc-base-rpc-1-none-b5-i0","wrangler","rpc","rpc-base","false","warm","5","0",,"1",,"observed-reused","observed-reused","1","1","0","191.807541","3",,,,,,,,"true","true","true",,,,,,""
"main-alchemy-alarms-alarm-100-transaction-b5-i0","alchemy","alarms","alarms","false","warm","5","0",,"100","transaction","observed-reused","observed-first","37","2",,"599.0845","432","89",,,,,,,"true","true",,,,,"true","true",""
"main-alchemy-alarms-alarm-100-independent-b5-i0","alchemy","alarms","alarms","false","warm","5","0",,"100","independent","observed-reused","observed-first","102","2",,"644.911458","484","162",,,,,,,"true","true",,,,,"true","true",""
"main-alchemy-alarms-alarm-10-transaction-b5-i0","alchemy","alarms","alarms","false","warm","5","0",,"10","transaction","observed-reused","observed-first","19","3",,"569.478333","407","56",,,,,,,"true","true",,,,,"true","true",""
"main-alchemy-alarms-alarm-10-independent-b5-i0","alchemy","alarms","alarms","false","warm","5","0",,"10","independent","observed-reused","observed-first","28","7",,"668.266291","506","65",,,,,,,"true","true",,,,,"true","true",""
"main-alchemy-alarms-alarm-1-transaction-b5-i0","alchemy","alarms","alarms","false","warm","5","0",,"1","transaction","observed-reused","observed-first","15","2",,"636.773375","472","57",,,,,,,"true","true",,,,,"true","true",""
"main-alchemy-alarms-alarm-1-independent-b5-i0","alchemy","alarms","alarms","false","warm","5","0",,"1","independent","observed-reused","observed-first","21","2",,"564.481208","398","61",,,,,,,"true","true",,,,,"true","true",""
"main-alchemy-telemetry-logs-traces-100-telemetry-small-none-b5-i0","alchemy","telemetry","telemetry-logs-traces-100","false","warm","5","0","small",,,"observed-reused","unknown","8","8",,"171.197833","12",,"2","5457","0","0","1","3","true","true",,,"true","true",,,""
"main-alchemy-telemetry-all-100-telemetry-small-none-b5-i0","alchemy","telemetry","telemetry-all-100","false","warm","5","0","small",,,"observed-reused","unknown","16","16",,"185.900958","26",,,,,,,,"true","true",,,"false","false",,,"collector-delivery|collector-cardinality"
"main-alchemy-telemetry-logs-traces-0-telemetry-small-none-b5-i0","alchemy","telemetry","telemetry-logs-traces-0","false","warm","5","0","small",,,"observed-reused","unknown","10","10",,"172.316709","15",,"2","5439","0","0","1","3","true","true",,,"true","true",,,""
"main-wrangler-rpc-cached-rpc-1-none-b5-i1","wrangler","rpc","rpc-cached","false","warm","5","1",,"1",,"observed-reused","observed-reused","1","1","0","164.07175","2",,,,,,,,"true","true","true",,,,,,""
"main-wrangler-rpc-cached-rpc-25-none-b5-i1","wrangler","rpc","rpc-cached","false","warm","5","1",,"25",,"observed-reused","observed-reused","5","5","1","185.080666","25",,,,,,,,"true","true","true",,,,,,""
"main-wrangler-http-fresh-http-small-none-b5-i1","wrangler","http","http-fresh","false","warm","5","1","small",,,"observed-reused","unknown","3","3",,"165.585625","3",,,,,,,,"true","true",,"true",,,,,""
"main-wrangler-http-fresh-http-large-none-b5-i1","wrangler","http","http-fresh","false","warm","5","1","large",,,"observed-reused","unknown","52","52",,"244.32525","70",,,,,,,,"true","true",,"true",,,,,""
"main-wrangler-http-cached-http-small-none-b5-i1","wrangler","http","http-cached","false","warm","5","1","small",,,"observed-reused","unknown","2","2",,"164.303208","3",,,,,,,,"true","true",,"true",,,,,""
"main-wrangler-http-cached-http-large-none-b5-i1","wrangler","http","http-cached","false","warm","5","1","large",,,"observed-reused","unknown","54","54",,"252.364083","77",,,,,,,,"true","true",,"true",,,,,""
"main-wrangler-telemetry-all-0-telemetry-small-none-b5-i1","wrangler","telemetry","telemetry-all-0","false","warm","5","1","small",,,"observed-reused","unknown","23","23",,"198.651917","33",,"4","6532","0","0","1","3","true","true",,,"true","true",,,""
"main-wrangler-telemetry-logs-traces-0-telemetry-small-none-b5-i1","wrangler","telemetry","telemetry-logs-traces-0","false","warm","5","1","small",,,"observed-reused","unknown","19","19",,"182.15875","25",,"2","5446","0","0","1","3","true","true",,,"true","true",,,""
"main-wrangler-telemetry-all-100-telemetry-small-none-b5-i1","wrangler","telemetry","telemetry-all-100","false","warm","5","1","small",,,"observed-reused","unknown","29","29",,"201.886","42",,"4","49938","200","200","1","3","true","true",,,"true","true",,,""
"main-wrangler-telemetry-logs-traces-100-telemetry-small-none-b5-i1","wrangler","telemetry","telemetry-logs-traces-100","false","warm","5","1","small",,,"observed-reused","unknown","15","15",,"179.617917","22",,"2","5462","0","0","1","3","true","true",,,"true","true",,,""
"main-wrangler-alarms-alarm-1-independent-b5-i1","wrangler","alarms","alarms","false","warm","5","1",,"1","independent","observed-reused","observed-first","24","2",,"628.575833","470","61",,,,,,,"true","true",,,,,"true","true",""
"main-wrangler-alarms-alarm-1-transaction-b5-i1","wrangler","alarms","alarms","false","warm","5","1",,"1","transaction","observed-reused","observed-first","15","2",,"601.294416","438","46",,,,,,,"true","true",,,,,"true","true",""
"main-wrangler-alarms-alarm-10-independent-b5-i1","wrangler","alarms","alarms","false","warm","5","1",,"10","independent","observed-reused","observed-first","36","1",,"599.748833","440","82",,,,,,,"true","true",,,,,"true","true",""
"main-wrangler-alarms-alarm-10-transaction-b5-i1","wrangler","alarms","alarms","false","warm","5","1",,"10","transaction","observed-reused","observed-first","34","1",,"643.811666","479","75",,,,,,,"true","true",,,,,"true","true",""
"main-wrangler-alarms-alarm-100-independent-b5-i1","wrangler","alarms","alarms","false","warm","5","1",,"100","independent","observed-reused","observed-first","122","1",,"751.293667","588","189",,,,,,,"true","true",,,,,"true","true",""
"main-wrangler-alarms-alarm-100-transaction-b5-i1","wrangler","alarms","alarms","false","warm","5","1",,"100","transaction","observed-reused","observed-first","46","1",,"644.346666","485","104",,,,,,,"true","true",,,,,"true","true",""
"main-vite-rpc-base-rpc-1-none-b5-i1","vite","rpc","rpc-base","false","warm","5","1",,"1",,"observed-reused","observed-reused","1","1","0","163.071083","3",,,,,,,,"true","true","true",,,,,,""
"main-vite-rpc-base-rpc-25-none-b5-i1","vite","rpc","rpc-base","false","warm","5","1",,"25",,"observed-reused","observed-reused","7","7","3","192.264542","27",,,,,,,,"true","true","true",,,,,,""
"main-vite-rpc-base-aa-rpc-1-none-b5-i1","vite","rpc","rpc-base-aa","true","warm","5","1",,"1",,"observed-reused","observed-reused","1","1","0","163.694667","3",,,,,,,,"true","true","true",,,,,,""
"main-vite-rpc-base-aa-rpc-25-none-b5-i1","vite","rpc","rpc-base-aa","true","warm","5","1",,"25",,"observed-reused","observed-reused","12","12","0","264.630584","37",,,,,,,,"true","true","true",,,,,,""
"main-vite-rpc-cached-rpc-1-none-b5-i1","vite","rpc","rpc-cached","false","warm","5","1",,"1",,"observed-reused","observed-reused","2","2","1","165.596708","6",,,,,,,,"true","true","true",,,,,,""
"main-vite-rpc-cached-rpc-25-none-b5-i1","vite","rpc","rpc-cached","false","warm","5","1",,"25",,"observed-reused","observed-reused","8","8","0","185.678917","27",,,,,,,,"true","true","true",,,,,,""
"main-vite-http-fresh-http-small-none-b5-i1","vite","http","http-fresh","false","warm","5","1","small",,,"observed-reused","unknown","3","3",,"171.677167","3",,,,,,,,"true","true",,"true",,,,,""
"main-vite-http-fresh-http-large-none-b5-i1","vite","http","http-fresh","false","warm","5","1","large",,,"observed-reused","unknown","40","40",,"248.959542","60",,,,,,,,"true","true",,"true",,,,,""
"main-vite-http-fresh-aa-http-small-none-b5-i1","vite","http","http-fresh-aa","true","warm","5","1","small",,,"observed-reused","unknown","5","5",,"168.380875","6",,,,,,,,"true","true",,"true",,,,,""
"main-vite-http-fresh-aa-http-large-none-b5-i1","vite","http","http-fresh-aa","true","warm","5","1","large",,,"observed-reused","unknown","50","50",,"250.213291","73",,,,,,,,"true","true",,"true",,,,,""
"main-vite-http-cached-http-small-none-b5-i1","vite","http","http-cached","false","warm","5","1","small",,,"observed-reused","unknown","1","1",,"165.405375","2",,,,,,,,"true","true",,"true",,,,,""
"main-vite-http-cached-http-large-none-b5-i1","vite","http","http-cached","false","warm","5","1","large",,,"observed-reused","unknown","36","36",,"234.125084","54",,,,,,,,"true","true",,"true",,,,,""
"main-vite-telemetry-all-0-telemetry-small-none-b5-i1","vite","telemetry","telemetry-all-0","false","warm","5","1","small",,,"observed-reused","unknown","25","25",,"193.936084","33",,"4","6498","0","0","1","3","true","true",,,"true","true",,,""
"main-vite-telemetry-logs-traces-0-telemetry-small-none-b5-i1","vite","telemetry","telemetry-logs-traces-0","false","warm","5","1","small",,,"observed-reused","unknown","8","8",,"170.75475","14",,"2","5418","0","0","1","3","true","true",,,"true","true",,,""
"main-vite-telemetry-all-100-telemetry-small-none-b5-i1","vite","telemetry","telemetry-all-100","false","warm","5","1","small",,,"observed-reused","unknown","14","14",,"190.309","27",,"4","49902","200","200","1","3","true","true",,,"true","true",,,""
"main-vite-telemetry-logs-traces-100-telemetry-small-none-b5-i1","vite","telemetry","telemetry-logs-traces-100","false","warm","5","1","small",,,"observed-reused","unknown","10","10",,"175.126542","14",,"2","5436","0","0","1","3","true","true",,,"true","true",,,""
"main-vite-alarms-alarm-1-independent-b5-i1","vite","alarms","alarms","false","warm","5","1",,"1","independent","observed-reused","observed-first","14","2",,"640.331","479","67",,,,,,,"true","true",,,,,"true","true",""
"main-vite-alarms-alarm-1-transaction-b5-i1","vite","alarms","alarms","false","warm","5","1",,"1","transaction","observed-reused","observed-first","14","1",,"598.005666","435","47",,,,,,,"true","true",,,,,"true","true",""
"main-vite-alarms-alarm-10-independent-b5-i1","vite","alarms","alarms","false","warm","5","1",,"10","independent","observed-reused","observed-first","29","1",,"556.148417","390","72",,,,,,,"true","true",,,,,"true","true",""
"main-vite-alarms-alarm-10-transaction-b5-i1","vite","alarms","alarms","false","warm","5","1",,"10","transaction","observed-reused","observed-first","17","2",,"693.7975","534","61",,,,,,,"true","true",,,,,"true","true",""
"main-vite-alarms-alarm-100-independent-b5-i1","vite","alarms","alarms","false","warm","5","1",,"100","independent","observed-reused","observed-first","102","2",,"785.931416","622","150",,,,,,,"true","true",,,,,"true","true",""
"main-vite-alarms-alarm-100-transaction-b5-i1","vite","alarms","alarms","false","warm","5","1",,"100","transaction","observed-reused","observed-first","39","1",,"633.762333","473","88",,,,,,,"true","true",,,,,"true","true",""
"main-alchemy-rpc-base-rpc-1-none-b5-i1","alchemy","rpc","rpc-base","false","warm","5","1",,"1",,"observed-reused","observed-reused","1","1","0","159.489833","2",,,,,,,,"true","true","true",,,,,,""
"main-alchemy-rpc-base-rpc-25-none-b5-i1","alchemy","rpc","rpc-base","false","warm","5","1",,"25",,"observed-reused","observed-reused","6","6","5","188.398542","26",,,,,,,,"true","true","true",,,,,,""
"main-alchemy-rpc-cached-rpc-1-none-b5-i1","alchemy","rpc","rpc-cached","false","warm","5","1",,"1",,"observed-reused","observed-reused","1","1","0","165.444208","3",,,,,,,,"true","true","true",,,,,,""
"main-alchemy-rpc-cached-rpc-25-none-b5-i1","alchemy","rpc","rpc-cached","false","warm","5","1",,"25",,"observed-reused","observed-reused","4","4","0","176.967208","18",,,,,,,,"true","true","true",,,,,,""
"main-alchemy-http-fresh-http-small-none-b5-i1","alchemy","http","http-fresh","false","warm","5","1","small",,,"observed-reused","unknown","1","1",,"166.772959","1",,,,,,,,"true","true",,"true",,,,,""
"main-alchemy-http-fresh-http-large-none-b5-i1","alchemy","http","http-fresh","false","warm","5","1","large",,,"observed-reused","unknown","29","29",,"226.712125","45",,,,,,,,"true","true",,"true",,,,,""
"main-alchemy-http-cached-http-small-none-b5-i1","alchemy","http","http-cached","false","warm","5","1","small",,,"observed-reused","unknown","1","1",,"163.001125","2",,,,,,,,"true","true",,"true",,,,,""
"main-alchemy-http-cached-http-large-none-b5-i1","alchemy","http","http-cached","false","warm","5","1","large",,,"observed-reused","unknown","36","36",,"225.664292","53",,,,,,,,"true","true",,"true",,,,,""
"main-alchemy-telemetry-all-0-telemetry-small-none-b5-i1","alchemy","telemetry","telemetry-all-0","false","warm","5","1","small",,,"observed-reused","unknown","22","22",,"188.106583","28",,"4","6525","0","0","1","3","true","true",,,"true","true",,,""
"main-alchemy-telemetry-logs-traces-0-telemetry-small-none-b5-i1","alchemy","telemetry","telemetry-logs-traces-0","false","warm","5","1","small",,,"observed-reused","unknown","8","8",,"235.256208","13",,"2","5439","0","0","1","3","true","true",,,"true","true",,,""
"main-alchemy-telemetry-all-100-telemetry-small-none-b5-i1","alchemy","telemetry","telemetry-all-100","false","warm","5","1","small",,,"observed-reused","unknown","17","17",,"188.34125","25",,"4","49927","200","200","1","3","true","true",,,"true","true",,,""
"main-alchemy-telemetry-logs-traces-100-telemetry-small-none-b5-i1","alchemy","telemetry","telemetry-logs-traces-100","false","warm","5","1","small",,,"observed-reused","unknown","8","8",,"173.035083","13",,"2","5457","0","0","1","3","true","true",,,"true","true",,,""
"main-alchemy-alarms-alarm-1-independent-b5-i1","alchemy","alarms","alarms","false","warm","5","1",,"1","independent","observed-reused","observed-first","15","3",,"551.678958","390","48",,,,,,,"true","true",,,,,"true","true",""
"main-alchemy-alarms-alarm-1-transaction-b5-i1","alchemy","alarms","alarms","false","warm","5","1",,"1","transaction","observed-reused","observed-first","17","1",,"583.118041","406","75",,,,,,,"true","true",,,,,"true","true",""
"main-alchemy-alarms-alarm-10-independent-b5-i1","alchemy","alarms","alarms","false","warm","5","1",,"10","independent","observed-reused","observed-first","26","2",,"550.794875","390","58",,,,,,,"true","true",,,,,"true","true",""
"main-alchemy-alarms-alarm-10-transaction-b5-i1","alchemy","alarms","alarms","false","warm","5","1",,"10","transaction","observed-reused","observed-first","28","1",,"760.212667","596","81",,,,,,,"true","true",,,,,"true","true",""
"main-alchemy-alarms-alarm-100-independent-b5-i1","alchemy","alarms","alarms","false","warm","5","1",,"100","independent","observed-reused","observed-first","78","1",,"660.464542","502","141",,,,,,,"true","true",,,,,"true","true",""
"main-alchemy-alarms-alarm-100-transaction-b5-i1","alchemy","alarms","alarms","false","warm","5","1",,"100","transaction","observed-reused","observed-first","44","3",,"624.447125","462","98",,,,,,,"true","true",,,,,"true","true",""
"main-wrangler-rpc-base-rpc-1-none-b5-i1","wrangler","rpc","rpc-base","false","warm","5","1",,"1",,"observed-reused","observed-reused","1","1","0","164.007084","2",,,,,,,,"true","true","true",,,,,,""
"main-wrangler-rpc-base-rpc-25-none-b5-i1","wrangler","rpc","rpc-base","false","warm","5","1",,"25",,"observed-reused","observed-reused","12","12","4","203.16","41",,,,,,,,"true","true","true",,,,,,""
"main-wrangler-alarms-alarm-1-independent-b5-i2","wrangler","alarms","alarms","false","warm","5","2",,"1","independent","observed-reused","observed-first","19","1",,"640.51725","479","67",,,,,,,"true","true",,,,,"true","true",""
"main-wrangler-telemetry-logs-traces-100-telemetry-small-none-b5-i2","wrangler","telemetry","telemetry-logs-traces-100","false","warm","5","2","small",,,"observed-reused","unknown","13","13",,"177.31025","19",,"2","5462","0","0","1","3","true","true",,,"true","true",,,""
"main-wrangler-telemetry-all-100-telemetry-small-none-b5-i2","wrangler","telemetry","telemetry-all-100","false","warm","5","2","small",,,"observed-reused","unknown","51","51",,"335.77975","87",,"4","49938","200","200","1","3","true","true",,,"true","true",,,""
"main-wrangler-telemetry-logs-traces-0-telemetry-small-none-b5-i2","wrangler","telemetry","telemetry-logs-traces-0","false","warm","5","2","small",,,"observed-reused","unknown","10","10",,"173.19275","15",,"2","5446","0","0","1","3","true","true",,,"true","true",,,""
"main-wrangler-telemetry-all-0-telemetry-small-none-b5-i2","wrangler","telemetry","telemetry-all-0","false","warm","5","2","small",,,"observed-reused","unknown","16","16",,"187.053708","26",,"4","6532","0","0","1","3","true","true",,,"true","true",,,""
"main-wrangler-http-cached-http-large-none-b5-i2","wrangler","http","http-cached","false","warm","5","2","large",,,"observed-reused","unknown","50","50",,"244.223041","67",,,,,,,,"true","true",,"true",,,,,""
"main-wrangler-http-cached-http-small-none-b5-i2","wrangler","http","http-cached","false","warm","5","2","small",,,"observed-reused","unknown","1","1",,"163.462791","2",,,,,,,,"true","true",,"true",,,,,""
"main-wrangler-http-fresh-http-large-none-b5-i2","wrangler","http","http-fresh","false","warm","5","2","large",,,"observed-reused","unknown","42","42",,"279.677083","60",,,,,,,,"true","true",,"true",,,,,""
"main-wrangler-http-fresh-http-small-none-b5-i2","wrangler","http","http-fresh","false","warm","5","2","small",,,"observed-reused","unknown","2","2",,"164.061708","3",,,,,,,,"true","true",,"true",,,,,""
"main-wrangler-rpc-cached-rpc-25-none-b5-i2","wrangler","rpc","rpc-cached","false","warm","5","2",,"25",,"observed-reused","observed-reused","6","6","2","179.970708","22",,,,,,,,"true","true","true",,,,,,""
"main-wrangler-rpc-cached-rpc-1-none-b5-i2","wrangler","rpc","rpc-cached","false","warm","5","2",,"1",,"observed-reused","observed-reused","1","1","0","177.252333","2",,,,,,,,"true","true","true",,,,,,""
"main-wrangler-rpc-base-rpc-25-none-b5-i2","wrangler","rpc","rpc-base","false","warm","5","2",,"25",,"observed-reused","observed-reused","10","10","3","199.517084","36",,,,,,,,"true","true","true",,,,,,""
"main-wrangler-rpc-base-rpc-1-none-b5-i2","wrangler","rpc","rpc-base","false","warm","5","2",,"1",,"observed-reused","observed-reused","1","1","0","160.685291","2",,,,,,,,"true","true","true",,,,,,""
"main-alchemy-alarms-alarm-100-transaction-b5-i2","alchemy","alarms","alarms","false","warm","5","2",,"100","transaction","observed-reused","observed-first","29","2",,"686.910625","485","75",,,,,,,"true","true",,,,,"true","true",""
"main-alchemy-alarms-alarm-100-independent-b5-i2","alchemy","alarms","alarms","false","warm","5","2",,"100","independent","observed-reused","observed-reused","83","2",,"738.820417","574","171",,,,,,,"true","true",,,,,"true","true",""
"main-alchemy-alarms-alarm-10-transaction-b5-i2","alchemy","alarms","alarms","false","warm","5","2",,"10","transaction","observed-reused","observed-reused","9","2",,"566.161167","405","47",,,,,,,"true","true",,,,,"true","true",""
"main-alchemy-alarms-alarm-10-independent-b5-i2","alchemy","alarms","alarms","false","warm","5","2",,"10","independent","observed-reused","observed-first","34","1",,"657.271916","497","89",,,,,,,"true","true",,,,,"true","true",""
"main-alchemy-alarms-alarm-1-transaction-b5-i2","alchemy","alarms","alarms","false","warm","5","2",,"1","transaction","observed-reused","observed-first","19","2",,"712.610667","528","84",,,,,,,"true","true",,,,,"true","true",""
"main-alchemy-alarms-alarm-1-independent-b5-i2","alchemy","alarms","alarms","false","warm","5","2",,"1","independent","observed-reused","observed-first","15","2",,"683.5725","520","57",,,,,,,"true","true",,,,,"true","true",""
"main-alchemy-telemetry-logs-traces-100-telemetry-small-none-b5-i2","alchemy","telemetry","telemetry-logs-traces-100","false","warm","5","2","small",,,"observed-reused","unknown","12","12",,"176.011834","16",,"2","5457","0","0","1","3","true","true",,,"true","true",,,""
"main-alchemy-telemetry-all-100-telemetry-small-none-b5-i2","alchemy","telemetry","telemetry-all-100","false","warm","5","2","small",,,"observed-reused","unknown","13","13",,"268.002917","23",,"4","49929","200","200","1","3","true","true",,,"true","true",,,""
"main-alchemy-telemetry-logs-traces-0-telemetry-small-none-b5-i2","alchemy","telemetry","telemetry-logs-traces-0","false","warm","5","2","small",,,"observed-reused","unknown","7","7",,"169.058917","13",,"2","5439","0","0","1","3","true","true",,,"true","true",,,""
"main-alchemy-telemetry-all-0-telemetry-small-none-b5-i2","alchemy","telemetry","telemetry-all-0","false","warm","5","2","small",,,"observed-reused","unknown","13","13",,"181.532125","23",,,,,,,,"true","true",,,"false","false",,,"collector-delivery|collector-cardinality"
"main-alchemy-http-cached-http-large-none-b5-i2","alchemy","http","http-cached","false","warm","5","2","large",,,"observed-reused","unknown","34","34",,"231.136083","51",,,,,,,,"true","true",,"true",,,,,""
"main-alchemy-http-cached-http-small-none-b5-i2","alchemy","http","http-cached","false","warm","5","2","small",,,"observed-reused","unknown","1","1",,"161.868916","2",,,,,,,,"true","true",,"true",,,,,""
"main-alchemy-http-fresh-http-large-none-b5-i2","alchemy","http","http-fresh","false","warm","5","2","large",,,"observed-reused","unknown","53","53",,"301.450208","74",,,,,,,,"true","true",,"true",,,,,""
"main-alchemy-http-fresh-http-small-none-b5-i2","alchemy","http","http-fresh","false","warm","5","2","small",,,"observed-reused","unknown","1","1",,"164.656292","2",,,,,,,,"true","true",,"true",,,,,""
"main-alchemy-rpc-cached-rpc-25-none-b5-i2","alchemy","rpc","rpc-cached","false","warm","5","2",,"25",,"observed-reused","observed-reused","5","5","0","182.455417","22",,,,,,,,"true","true","true",,,,,,""
"main-alchemy-rpc-cached-rpc-1-none-b5-i2","alchemy","rpc","rpc-cached","false","warm","5","2",,"1",,"observed-reused","observed-reused","1","1","0","178.592542","3",,,,,,,,"true","true","true",,,,,,""
"main-alchemy-rpc-base-rpc-25-none-b5-i2","alchemy","rpc","rpc-base","false","warm","5","2",,"25",,"observed-reused","observed-reused","8","8","4","193.716791","34",,,,,,,,"true","true","true",,,,,,""
"main-alchemy-rpc-base-rpc-1-none-b5-i2","alchemy","rpc","rpc-base","false","warm","5","2",,"1",,"observed-reused","observed-reused","1","1","0","161.6655","2",,,,,,,,"true","true","true",,,,,,""
"main-vite-alarms-alarm-100-transaction-b5-i2","vite","alarms","alarms","false","warm","5","2",,"100","transaction","observed-reused","observed-first","42","3",,"703.412792","543","93",,,,,,,"true","true",,,,,"true","true",""
"main-vite-alarms-alarm-100-independent-b5-i2","vite","alarms","alarms","false","warm","5","2",,"100","independent","observed-reused","observed-first","107","2",,"779.67325","617","153",,,,,,,"true","true",,,,,"true","true",""
"main-vite-alarms-alarm-10-transaction-b5-i2","vite","alarms","alarms","false","warm","5","2",,"10","transaction","observed-reused","observed-first","19","1",,"664.511125","502","65",,,,,,,"true","true",,,,,"true","true",""
"main-vite-alarms-alarm-10-independent-b5-i2","vite","alarms","alarms","false","warm","5","2",,"10","independent","observed-reused","observed-first","34","4",,"750.466042","587","170",,,,,,,"true","true",,,,,"true","true",""
"main-vite-alarms-alarm-1-transaction-b5-i2","vite","alarms","alarms","false","warm","5","2",,"1","transaction","observed-reused","observed-first","23","1",,"685.995417","519","76",,,,,,,"true","true",,,,,"true","true","invocation-evidence|edge-stage-coverage"
"main-vite-alarms-alarm-1-independent-b5-i2","vite","alarms","alarms","false","warm","5","2",,"1","independent","observed-reused","observed-first","19","2",,"635.804209","469","62",,,,,,,"true","true",,,,,"true","true",""
"main-vite-telemetry-logs-traces-100-telemetry-small-none-b5-i2","vite","telemetry","telemetry-logs-traces-100","false","warm","5","2","small",,,"observed-reused","unknown","8","8",,"175.740792","10",,"2","5436","0","0","1","3","true","true",,,"true","true",,,"missing-marker|edge-stage-coverage"
"main-vite-telemetry-all-100-telemetry-small-none-b5-i2","vite","telemetry","telemetry-all-100","false","warm","5","2","small",,,"observed-reused","unknown","27","27",,"211.705708","41",,"4","49902","200","200","1","3","true","true",,,"true","true",,,""
"main-vite-telemetry-logs-traces-0-telemetry-small-none-b5-i2","vite","telemetry","telemetry-logs-traces-0","false","warm","5","2","small",,,"observed-reused","unknown","10","10",,"172.355833","14",,"2","5418","0","0","1","3","true","true",,,"true","true",,,""
"main-vite-telemetry-all-0-telemetry-small-none-b5-i2","vite","telemetry","telemetry-all-0","false","warm","5","2","small",,,"observed-reused","unknown","16","16",,"182.673041","28",,"4","6498","0","0","1","3","true","true",,,"true","true",,,""
"main-vite-http-cached-http-large-none-b5-i2","vite","http","http-cached","false","warm","5","2","large",,,"observed-reused","unknown","25","25",,"217.144333","41",,,,,,,,"true","true",,"true",,,,,""
"main-vite-http-cached-http-small-none-b5-i2","vite","http","http-cached","false","warm","5","2","small",,,"observed-reused","unknown","1","1",,"165.911292","2",,,,,,,,"true","true",,"true",,,,,""
"main-vite-http-fresh-aa-http-large-none-b5-i2","vite","http","http-fresh-aa","true","warm","5","2","large",,,"observed-reused","unknown","79","79",,"298.444167","119",,,,,,,,"true","true",,"true",,,,,""
"main-vite-http-fresh-aa-http-small-none-b5-i2","vite","http","http-fresh-aa","true","warm","5","2","small",,,"observed-reused","unknown","6","6",,"172.6445","7",,,,,,,,"true","true",,"true",,,,,""
"main-vite-http-fresh-http-large-none-b5-i2","vite","http","http-fresh","false","warm","5","2","large",,,"observed-reused","unknown","40","40",,"308.964416","60",,,,,,,,"true","true",,"true",,,,,""
"main-vite-http-fresh-http-small-none-b5-i2","vite","http","http-fresh","false","warm","5","2","small",,,"observed-reused","unknown","1","1",,"164.49675","2",,,,,,,,"true","true",,"true",,,,,""
"main-vite-rpc-cached-rpc-25-none-b5-i2","vite","rpc","rpc-cached","false","warm","5","2",,"25",,"observed-reused","observed-reused","11","11","7","203.904333","44",,,,,,,,"true","true","true",,,,,,""
"main-vite-rpc-cached-rpc-1-none-b5-i2","vite","rpc","rpc-cached","false","warm","5","2",,"1",,"observed-reused","observed-reused","1","1","0","163.158708","4",,,,,,,,"true","true","true",,,,,,""
"main-vite-rpc-base-aa-rpc-25-none-b5-i2","vite","rpc","rpc-base-aa","true","warm","5","2",,"25",,"observed-reused","observed-reused","14","14","11","224.20675","57",,,,,,,,"true","true","true",,,,,,""
"main-vite-rpc-base-aa-rpc-1-none-b5-i2","vite","rpc","rpc-base-aa","true","warm","5","2",,"1",,"observed-reused","observed-reused","2","2","0","169.157709","5",,,,,,,,"true","true","true",,,,,,""
"main-vite-rpc-base-rpc-25-none-b5-i2","vite","rpc","rpc-base","false","warm","5","2",,"25",,"observed-reused","observed-reused","8","8","3","192.141958","28",,,,,,,,"true","true","true",,,,,,""
"main-vite-rpc-base-rpc-1-none-b5-i2","vite","rpc","rpc-base","false","warm","5","2",,"1",,"observed-reused","observed-reused","1","1","0","163.945","2",,,,,,,,"true","true","true",,,,,,""
"main-wrangler-alarms-alarm-100-transaction-b5-i2","wrangler","alarms","alarms","false","warm","5","2",,"100","transaction","observed-reused","observed-first","45","1",,"710.917083","549","94",,,,,,,"true","true",,,,,"true","true",""
"main-wrangler-alarms-alarm-100-independent-b5-i2","wrangler","alarms","alarms","false","warm","5","2",,"100","independent","observed-reused","observed-first","93","2",,"657.705833","496","143",,,,,,,"true","true",,,,,"true","true",""
"main-wrangler-alarms-alarm-10-transaction-b5-i2","wrangler","alarms","alarms","false","warm","5","2",,"10","transaction","observed-reused","observed-first","26","2",,"669.420084","510","79",,,,,,,"true","true",,,,,"true","true",""
"main-wrangler-alarms-alarm-10-independent-b5-i2","wrangler","alarms","alarms","false","warm","5","2",,"10","independent","observed-reused","observed-first","27","1",,"629.159875","467","64",,,,,,,"true","true",,,,,"true","true",""
"main-wrangler-alarms-alarm-1-transaction-b5-i2","wrangler","alarms","alarms","false","warm","5","2",,"1","transaction","observed-reused","observed-first","19","1",,"632.357542","472","68",,,,,,,"true","true",,,,,"true","true",""
"main-vite-http-fresh-http-small-none-b5-i3","vite","http","http-fresh","false","warm","5","3","small",,,"observed-reused","unknown","2","2",,"172.573375","3",,,,,,,,"true","true",,"true",,,,,""
"main-vite-http-fresh-http-large-none-b5-i3","vite","http","http-fresh","false","warm","5","3","large",,,"observed-reused","unknown","38","38",,"231.005667","54",,,,,,,,"true","true",,"true",,,,,""
"main-vite-http-fresh-aa-http-small-none-b5-i3","vite","http","http-fresh-aa","true","warm","5","3","small",,,"observed-reused","unknown","3","3",,"168.339375","4",,,,,,,,"true","true",,"true",,,,,""
"main-vite-http-fresh-aa-http-large-none-b5-i3","vite","http","http-fresh-aa","true","warm","5","3","large",,,"observed-reused","unknown","49","49",,"275.874709","71",,,,,,,,"true","true",,"true",,,,,""
"main-vite-http-cached-http-small-none-b5-i3","vite","http","http-cached","false","warm","5","3","small",,,"observed-reused","unknown","1","1",,"166.832083","2",,,,,,,,"true","true",,"true",,,,,""
"main-vite-http-cached-http-large-none-b5-i3","vite","http","http-cached","false","warm","5","3","large",,,"observed-reused","unknown","31","31",,"222.4905","49",,,,,,,,"true","true",,"true",,,,,""
"main-vite-telemetry-all-0-telemetry-small-none-b5-i3","vite","telemetry","telemetry-all-0","false","warm","5","3","small",,,"observed-reused","unknown","17","17",,"183.571708","24",,"4","6498","0","0","1","3","true","true",,,"true","true",,,""
"main-vite-telemetry-logs-traces-0-telemetry-small-none-b5-i3","vite","telemetry","telemetry-logs-traces-0","false","warm","5","3","small",,,"observed-reused","unknown","8","8",,"170.644333","13",,"2","5418","0","0","1","3","true","true",,,"true","true",,,""
"main-vite-telemetry-all-100-telemetry-small-none-b5-i3","vite","telemetry","telemetry-all-100","false","warm","5","3","small",,,"observed-reused","unknown","12","12",,"189.486709","21",,"4","49902","200","200","1","3","true","true",,,"true","true",,,""
"main-vite-telemetry-logs-traces-100-telemetry-small-none-b5-i3","vite","telemetry","telemetry-logs-traces-100","false","warm","5","3","small",,,"observed-reused","unknown","8","8",,"199.11775","11",,"2","5436","0","0","1","3","true","true",,,"true","true",,,""
"main-vite-alarms-alarm-1-independent-b5-i3","vite","alarms","alarms","false","warm","5","3",,"1","independent","observed-reused","observed-reused","3","1",,"525.437333","363","56",,,,,,,"true","true",,,,,"true","true",""
"main-vite-alarms-alarm-1-transaction-b5-i3","vite","alarms","alarms","false","warm","5","3",,"1","transaction","observed-reused","observed-first","13","1",,"628.156291","469","64",,,,,,,"true","true",,,,,"true","true","invocation-evidence|edge-stage-coverage"
"main-vite-alarms-alarm-10-independent-b5-i3","vite","alarms","alarms","false","warm","5","3",,"10","independent","observed-reused","observed-first","32","1",,"527.627625","363","75",,,,,,,"true","true",,,,,"true","true",""
"main-vite-alarms-alarm-10-transaction-b5-i3","vite","alarms","alarms","false","warm","5","3",,"10","transaction","observed-reused","observed-first","19","1",,"545.272958","384","71",,,,,,,"true","true",,,,,"true","true","edge-stage-coverage"
"main-vite-alarms-alarm-100-independent-b5-i3","vite","alarms","alarms","false","warm","5","3",,"100","independent","observed-reused","observed-first","75","1",,"608.596042","450","130",,,,,,,"true","true",,,,,"true","true",""
"main-vite-alarms-alarm-100-transaction-b5-i3","vite","alarms","alarms","false","warm","5","3",,"100","transaction","observed-reused","observed-reused","16","1",,"489.929416","327","51",,,,,,,"true","true",,,,,"true","true","invocation-evidence|edge-stage-coverage"
"main-alchemy-rpc-base-rpc-1-none-b5-i3","alchemy","rpc","rpc-base","false","warm","5","3",,"1",,"observed-reused","observed-reused","1","1","0","162.031084","2",,,,,,,,"true","true","true",,,,,,""
"main-alchemy-rpc-base-rpc-25-none-b5-i3","alchemy","rpc","rpc-base","false","warm","5","3",,"25",,"observed-reused","observed-reused","6","6","5","185.484209","27",,,,,,,,"true","true","true",,,,,,"edge-stage-coverage"
"main-alchemy-rpc-cached-rpc-1-none-b5-i3","alchemy","rpc","rpc-cached","false","warm","5","3",,"1",,"observed-reused","observed-reused","1","1","0","160.949583","2",,,,,,,,"true","true","true",,,,,,""
"main-alchemy-rpc-cached-rpc-25-none-b5-i3","alchemy","rpc","rpc-cached","false","warm","5","3",,"25",,"observed-reused","observed-reused","5","5","3","185.72175","22",,,,,,,,"true","true","true",,,,,,""
"main-alchemy-http-fresh-http-small-none-b5-i3","alchemy","http","http-fresh","false","warm","5","3","small",,,"observed-reused","unknown","2","2",,"168.229166","3",,,,,,,,"true","true",,"true",,,,,""
"main-alchemy-http-fresh-http-large-none-b5-i3","alchemy","http","http-fresh","false","warm","5","3","large",,,"observed-reused","unknown","35","35",,"231.851208","51",,,,,,,,"true","true",,"true",,,,,""
"main-alchemy-http-cached-http-small-none-b5-i3","alchemy","http","http-cached","false","warm","5","3","small",,,"observed-reused","unknown","1","1",,"164.049291","1",,,,,,,,"true","true",,"true",,,,,""
"main-alchemy-http-cached-http-large-none-b5-i3","alchemy","http","http-cached","false","warm","5","3","large",,,"observed-reused","unknown","32","32",,"266.868166","48",,,,,,,,"true","true",,"true",,,,,""
"main-alchemy-telemetry-all-0-telemetry-small-none-b5-i3","alchemy","telemetry","telemetry-all-0","false","warm","5","3","small",,,"observed-reused","unknown","10","10",,"178.140083","16",,"4","6525","0","0","1","3","true","true",,,"true","true",,,""
"main-alchemy-telemetry-logs-traces-0-telemetry-small-none-b5-i3","alchemy","telemetry","telemetry-logs-traces-0","false","warm","5","3","small",,,"observed-reused","unknown","9","9",,"176.246708","14",,,,,,,,"true","true",,,"false","true",,,"collector-delivery"
"main-alchemy-telemetry-all-100-telemetry-small-none-b5-i3","alchemy","telemetry","telemetry-all-100","false","warm","5","3","small",,,"observed-reused","unknown","15","15",,"184.815292","23",,"4","49929","200","200","1","3","true","true",,,"true","true",,,""
"main-alchemy-telemetry-logs-traces-100-telemetry-small-none-b5-i3","alchemy","telemetry","telemetry-logs-traces-100","false","warm","5","3","small",,,"observed-reused","unknown","10","10",,"174.126291","14",,"2","5457","0","0","1","3","true","true",,,"true","true",,,""
"main-alchemy-alarms-alarm-1-independent-b5-i3","alchemy","alarms","alarms","false","warm","5","3",,"1","independent","observed-reused","observed-first","16","3",,"595.801666","435","63",,,,,,,"true","true",,,,,"true","true",""
"main-alchemy-alarms-alarm-1-transaction-b5-i3","alchemy","alarms","alarms","false","warm","5","3",,"1","transaction","observed-reused","observed-first","20","2",,"721.355875","559","69",,,,,,,"true","true",,,,,"true","true",""
"main-alchemy-alarms-alarm-10-independent-b5-i3","alchemy","alarms","alarms","false","warm","5","3",,"10","independent","observed-reused","observed-first","36","3",,"793.1685","624","88",,,,,,,"true","true",,,,,"true","true",""
"main-alchemy-alarms-alarm-10-transaction-b5-i3","alchemy","alarms","alarms","false","warm","5","3",,"10","transaction","observed-reused","observed-first","17","4",,"753.651333","585","122",,,,,,,"true","true",,,,,"true","true",""
"main-alchemy-alarms-alarm-100-independent-b5-i3","alchemy","alarms","alarms","false","warm","5","3",,"100","independent","observed-reused","observed-first","116","3",,"651.342166","489","161",,,,,,,"true","true",,,,,"true","true",""
"main-alchemy-alarms-alarm-100-transaction-b5-i3","alchemy","alarms","alarms","false","warm","5","3",,"100","transaction","observed-reused","observed-first","32","2",,"1047.208334","800","78",,,,,,,"true","true",,,,,"true","true",""
"main-wrangler-rpc-base-rpc-1-none-b5-i3","wrangler","rpc","rpc-base","false","warm","5","3",,"1",,"observed-reused","observed-reused","2","2","0","163.316791","3",,,,,,,,"true","true","true",,,,,,""
"main-wrangler-rpc-base-rpc-25-none-b5-i3","wrangler","rpc","rpc-base","false","warm","5","3",,"25",,"observed-reused","observed-reused","7","7","4","193.496417","31",,,,,,,,"true","true","true",,,,,,""
"main-wrangler-rpc-cached-rpc-1-none-b5-i3","wrangler","rpc","rpc-cached","false","warm","5","3",,"1",,"observed-reused","observed-reused","1","1","0","162.106208","2",,,,,,,,"true","true","true",,,,,,""
"main-wrangler-rpc-cached-rpc-25-none-b5-i3","wrangler","rpc","rpc-cached","false","warm","5","3",,"25",,"observed-reused","observed-reused","10","10","2","197.538084","36",,,,,,,,"true","true","true",,,,,,""
"main-wrangler-http-fresh-http-small-none-b5-i3","wrangler","http","http-fresh","false","warm","5","3","small",,,"observed-reused","unknown","3","3",,"165.258417","5",,,,,,,,"true","true",,"true",,,,,""
"main-wrangler-http-fresh-http-large-none-b5-i3","wrangler","http","http-fresh","false","warm","5","3","large",,,"observed-reused","unknown","45","45",,"300.0865","62",,,,,,,,"true","true",,"true",,,,,""
"main-wrangler-http-cached-http-small-none-b5-i3","wrangler","http","http-cached","false","warm","5","3","small",,,"observed-reused","unknown","2","2",,"163.146667","3",,,,,,,,"true","true",,"true",,,,,""
"main-wrangler-http-cached-http-large-none-b5-i3","wrangler","http","http-cached","false","warm","5","3","large",,,"observed-reused","unknown","69","69",,"359.751833","101",,,,,,,,"true","true",,"true",,,,,""
"main-wrangler-telemetry-all-0-telemetry-small-none-b5-i3","wrangler","telemetry","telemetry-all-0","false","warm","5","3","small",,,"observed-first","unknown","46","46",,"284.943584","54",,"4","6530","0","0","1","3","true","true",,,"true","true",,,""
"main-wrangler-telemetry-logs-traces-0-telemetry-small-none-b5-i3","wrangler","telemetry","telemetry-logs-traces-0","false","warm","5","3","small",,,"observed-reused","unknown","15","15",,"238.00675","19",,"2","5446","0","0","1","3","true","true",,,"true","true",,,""
"main-wrangler-telemetry-all-100-telemetry-small-none-b5-i3","wrangler","telemetry","telemetry-all-100","false","warm","5","3","small",,,"observed-reused","unknown","20","20",,"194.570417","28",,"4","49938","200","200","1","3","true","true",,,"true","true",,,""
"main-wrangler-telemetry-logs-traces-100-telemetry-small-none-b5-i3","wrangler","telemetry","telemetry-logs-traces-100","false","warm","5","3","small",,,"observed-reused","unknown","17","17",,"191.220708","22",,"2","5462","0","0","1","3","true","true",,,"true","true",,,""
"main-wrangler-alarms-alarm-1-independent-b5-i3","wrangler","alarms","alarms","false","warm","5","3",,"1","independent","observed-reused","observed-first","16","1",,"522.532083","363","59",,,,,,,"true","true",,,,,"true","true",""
"main-wrangler-alarms-alarm-1-transaction-b5-i3","wrangler","alarms","alarms","false","warm","5","3",,"1","transaction","observed-reused","observed-first","12","1",,"696.658125","531","59",,,,,,,"true","true",,,,,"true","true",""
"main-wrangler-alarms-alarm-10-independent-b5-i3","wrangler","alarms","alarms","false","warm","5","3",,"10","independent","observed-reused","observed-first","35","1",,"622.926666","464","83",,,,,,,"true","true",,,,,"true","true",""
"main-wrangler-alarms-alarm-10-transaction-b5-i3","wrangler","alarms","alarms","false","warm","5","3",,"10","transaction","observed-reused","observed-first","21","1",,"542.738167","380","69",,,,,,,"true","true",,,,,"true","true",""
"main-wrangler-alarms-alarm-100-independent-b5-i3","wrangler","alarms","alarms","false","warm","5","3",,"100","independent","observed-reused","observed-first","120","1",,"718.711875","559","213",,,,,,,"true","true",,,,,"true","true",""
"main-wrangler-alarms-alarm-100-transaction-b5-i3","wrangler","alarms","alarms","false","warm","5","3",,"100","transaction","observed-reused","observed-first","29","1",,"659.972875","499","81",,,,,,,"true","true",,,,,"true","true",""
"main-vite-rpc-base-rpc-1-none-b5-i3","vite","rpc","rpc-base","false","warm","5","3",,"1",,"observed-reused","observed-reused","2","2","0","162.626709","3",,,,,,,,"true","true","true",,,,,,""
"main-vite-rpc-base-rpc-25-none-b5-i3","vite","rpc","rpc-base","false","warm","5","3",,"25",,"observed-reused","observed-reused","7","7","0","184.536125","25",,,,,,,,"true","true","true",,,,,,""
"main-vite-rpc-base-aa-rpc-1-none-b5-i3","vite","rpc","rpc-base-aa","true","warm","5","3",,"1",,"observed-reused","observed-reused","3","3","0","177.876417","5",,,,,,,,"true","true","true",,,,,,""
"main-vite-rpc-base-aa-rpc-25-none-b5-i3","vite","rpc","rpc-base-aa","true","warm","5","3",,"25",,"observed-reused","observed-reused","15","15","8","222.471792","58",,,,,,,,"true","true","true",,,,,,""
"main-vite-rpc-cached-rpc-1-none-b5-i3","vite","rpc","rpc-cached","false","warm","5","3",,"1",,"observed-reused","observed-reused","2","2","0","164.38425","4",,,,,,,,"true","true","true",,,,,,""
"main-vite-rpc-cached-rpc-25-none-b5-i3","vite","rpc","rpc-cached","false","warm","5","3",,"25",,"observed-reused","observed-reused","10","10","6","205.695709","42",,,,,,,,"true","true","true",,,,,,""
